ServiceID,PartName,ServiceType,MileageAtReplacement,WasBroken,Severity
1,"Engine Oil & Filter","Minor Service",8841,"No",1
2,"Spark Plugs","Major Service",57084,"No",2
3,"Brake Pads & Discs","Minor Service",43377,"No",1
4,"Drive/Serpentine Belt","Major Service",68118,"Yes",5
5,"Engine Oil & Filter","Minor Service",8757,"No",2
6,"Spark Plugs","Major Service",41723,"No",2
7,"Brake Pads & Discs","Minor Service",32746,"No",2
8,"Wiper Blades","Minor Service",16508,"Yes",4
9,"Coolant Flush","Major Service",112151,"No",1
10,"Brake Pads & Discs","Minor Service",28181,"No",1
11,"Engine Air Filter","Minor Service",21628,"No",2
12,"Engine Air Filter","Minor Service",20487,"Yes",4
13,"Mass Airflow Sensor","Diagnostic",112836,"Yes",5
14,"Drive/Serpentine Belt","Major Service",60978,"No",1
15,"Engine Oil & Filter","Minor Service",7593,"No",2
16,"Engine Air Filter","Minor Service",20122,"No",1
17,"Brake Pads & Discs","Minor Service",44339,"Yes",5
18,"Engine Oil & Filter","Minor Service",9764,"No",1
19,"Transmission Fluid","Major Service",87561,"Yes",3
20,"Engine Oil & Filter","Minor Service",8463,"No",2
21,"Oxygen (O2) Sensor","Diagnostic",117075,"Yes",3
22,"Cabin Air Filter","Minor Service",21418,"Yes",5
23,"Wiper Blades","Minor Service",8692,"No",2
24,"Wiper Blades","Minor Service",11814,"No",2
25,"Wiper Blades","Minor Service",22296,"No",2
26,"Engine Air Filter","Minor Service",19396,"No",1
27,"Brake Pads & Discs","Minor Service",29127,"No",1
28,"Alternator","Diagnostic",150921,"Yes",4
29,"Shocks & Struts","Major Service",89211,"Yes",5
30,"Wiper Blades","Minor Service",13985,"No",2
31,"Engine Oil & Filter","Minor Service",11821,"Yes",5
32,"Engine Oil & Filter","Minor Service",9127,"No",2
33,"Oxygen (O2) Sensor","Diagnostic",145583,"Yes",4
34,"Engine Air Filter","Minor Service",13581,"No",2
35,"Wiper Blades","Minor Service",11089,"No",2
36,"Brake Pads & Discs","Minor Service",26979,"No",2
37,"Brake Pads & Discs","Minor Service",34131,"No",2
38,"Wiper Blades","Minor Service",16499,"Yes",3
39,"Wiper Blades","Minor Service",17624,"Yes",5
40,"Engine Air Filter","Minor Service",21660,"Yes",5
41,"Cabin Air Filter","Minor Service",23087,"No",1
42,"Spark Plugs","Major Service",39704,"No",1
43,"Engine Oil & Filter","Minor Service",9650,"No",1
44,"Cabin Air Filter","Minor Service",15785,"No",1
45,"Engine Oil & Filter","Minor Service",9941,"No",1
46,"Transmission Fluid","Major Service",65718,"No",2
47,"Engine Oil & Filter","Minor Service",14205,"Yes",5
48,"Cabin Air Filter","Minor Service",19529,"No",2
49,"Spark Plugs","Major Service",55119,"Yes",4
50,"Wiper Blades","Minor Service",16899,"No",1
51,"Cabin Air Filter","Minor Service",20142,"No",2
52,"Engine Oil & Filter","Minor Service",10144,"Yes",4
53,"Cabin Air Filter","Minor Service",20847,"No",1
54,"Wiper Blades","Minor Service",7964,"No",1
55,"Shocks & Struts","Major Service",87190,"Yes",4
56,"Brake Pads & Discs","Minor Service",32203,"Yes",4
57,"Spark Plugs","Major Service",50159,"No",1
58,"Engine Oil & Filter","Minor Service",6600,"No",2
59,"Cabin Air Filter","Minor Service",20998,"Yes",4
60,"Oxygen (O2) Sensor","Diagnostic",115835,"No",1
61,"Cabin Air Filter","Minor Service",12159,"No",2
62,"Cabin Air Filter","Minor Service",20330,"No",2
63,"Transmission Fluid","Major Service",88579,"No",1
64,"Cabin Air Filter","Minor Service",21920,"No",2
65,"Wiper Blades","Minor Service",16176,"No",1
66,"Cabin Air Filter","Minor Service",19504,"Yes",5
67,"Engine Oil & Filter","Minor Service",10017,"No",1
68,"Wiper Blades","Minor Service",15937,"No",2
69,"Wiper Blades","Minor Service",17313,"No",1
70,"Wiper Blades","Minor Service",16139,"No",2
71,"Wiper Blades","Minor Service",18419,"No",1
72,"Engine Oil & Filter","Minor Service",12032,"No",2
73,"Engine Oil & Filter","Minor Service",7198,"No",1
74,"Transmission Fluid","Major Service",99548,"Yes",4
75,"Wiper Blades","Minor Service",18075,"Yes",3
76,"Engine Air Filter","Minor Service",21934,"No",2
77,"Cabin Air Filter","Minor Service",21260,"No",2
78,"Engine Oil & Filter","Minor Service",10085,"No",2
79,"Wiper Blades","Minor Service",12944,"No",1
80,"Wiper Blades","Minor Service",15638,"No",2
81,"Engine Air Filter","Minor Service",17147,"No",2
82,"Wiper Blades","Minor Service",5848,"No",1
83,"Wiper Blades","Minor Service",14171,"No",2
84,"Engine Air Filter","Minor Service",27751,"No",2
85,"Brake Pads & Discs","Minor Service",29880,"Yes",5
86,"Drive/Serpentine Belt","Major Service",78487,"Yes",5
87,"Cabin Air Filter","Minor Service",19282,"No",1
88,"Drive/Serpentine Belt","Major Service",75475,"Yes",5
89,"Engine Air Filter","Minor Service",23138,"Yes",3
90,"Shocks & Struts","Major Service",99196,"Yes",3
91,"Spark Plugs","Major Service",66592,"Yes",5
92,"Transmission Fluid","Major Service",68161,"No",1
93,"Cabin Air Filter","Minor Service",18666,"No",1
94,"Coolant Flush","Major Service",80058,"No",1
95,"Brake Pads & Discs","Minor Service",34959,"Yes",5
96,"Wiper Blades","Minor Service",19368,"No",2
97,"Engine Oil & Filter","Minor Service",12481,"No",2
98,"Spark Plugs","Major Service",53644,"Yes",4
99,"Engine Air Filter","Minor Service",16699,"Yes",4
100,"Wiper Blades","Minor Service",16261,"Yes",3
101,"Wiper Blades","Minor Service",17426,"Yes",3
102,"Brake Pads & Discs","Minor Service",33306,"Yes",5
103,"Cabin Air Filter","Minor Service",14817,"No",2
104,"Wiper Blades","Minor Service",15812,"Yes",3
105,"Coolant Flush","Major Service",121903,"No",2
106,"Coolant Flush","Major Service",79057,"No",1
107,"Spark Plugs","Major Service",62851,"Yes",4
108,"Wiper Blades","Minor Service",9646,"No",1
109,"Spark Plugs","Major Service",57185,"No",2
110,"Engine Oil & Filter","Minor Service",10647,"No",1
111,"Brake Pads & Discs","Minor Service",32028,"No",1
112,"Engine Oil & Filter","Minor Service",6801,"No",1
113,"Thermostat","Diagnostic",120011,"Yes",3
114,"Engine Air Filter","Minor Service",19673,"No",1
115,"Engine Oil & Filter","Minor Service",6819,"No",1
116,"Cabin Air Filter","Minor Service",16971,"No",1
117,"Brake Pads & Discs","Minor Service",29902,"No",2
118,"Engine Air Filter","Minor Service",23057,"No",2
119,"Engine Oil & Filter","Minor Service",7892,"No",1
120,"Cabin Air Filter","Minor Service",17499,"No",2
121,"Wiper Blades","Minor Service",16909,"No",2
122,"Wiper Blades","Minor Service",12577,"No",1
123,"Coolant Flush","Major Service",102812,"No",2
124,"Transmission Fluid","Major Service",86067,"Yes",3
125,"Engine Oil & Filter","Minor Service",7945,"No",1
126,"Engine Air Filter","Minor Service",17623,"No",2
127,"Coolant Flush","Major Service",117901,"No",1
128,"Brake Pads & Discs","Minor Service",47498,"No",2
129,"Wiper Blades","Minor Service",15110,"Yes",3
130,"Alternator","Diagnostic",156604,"Yes",5
131,"Wiper Blades","Minor Service",15182,"No",2
132,"Brake Pads & Discs","Minor Service",37661,"No",2
133,"Brake Pads & Discs","Minor Service",30215,"No",2
134,"Spark Plugs","Major Service",58210,"Yes",4
135,"Brake Pads & Discs","Minor Service",35919,"Yes",5
136,"Shocks & Struts","Major Service",93404,"Yes",4
137,"Engine Oil & Filter","Minor Service",9706,"No",1
138,"Engine Air Filter","Minor Service",19999,"No",2
139,"Spark Plugs","Major Service",41376,"Yes",3
140,"Drive/Serpentine Belt","Major Service",68402,"No",2
141,"Wiper Blades","Minor Service",17103,"Yes",4
142,"Shocks & Struts","Major Service",90643,"Yes",4
143,"Engine Oil & Filter","Minor Service",7365,"No",2
144,"Engine Oil & Filter","Minor Service",14316,"No",1
145,"Engine Oil & Filter","Minor Service",10509,"Yes",4
146,"Cabin Air Filter","Minor Service",25338,"No",2
147,"Cabin Air Filter","Minor Service",24113,"Yes",3
148,"Cabin Air Filter","Minor Service",20280,"No",2
149,"Engine Oil & Filter","Minor Service",8876,"No",2
150,"Spark Plugs","Major Service",37213,"Yes",5
151,"Brake Pads & Discs","Minor Service",34185,"No",1
152,"Engine Air Filter","Minor Service",18787,"No",1
153,"Cabin Air Filter","Minor Service",17994,"No",2
154,"Brake Pads & Discs","Minor Service",37480,"Yes",4
155,"Engine Oil & Filter","Minor Service",7108,"No",1
156,"Engine Oil & Filter","Minor Service",8794,"No",1
157,"Fuel Pump","Diagnostic",157479,"Yes",3
158,"Engine Air Filter","Minor Service",19233,"No",2
159,"Engine Air Filter","Minor Service",24224,"No",1
160,"Engine Oil & Filter","Minor Service",12375,"No",2
161,"Engine Oil & Filter","Minor Service",6365,"Yes",5
162,"Transmission Fluid","Major Service",89501,"Yes",4
163,"Wiper Blades","Minor Service",4112,"Yes",3
164,"Wiper Blades","Minor Service",22539,"No",2
165,"Wiper Blades","Minor Service",14075,"No",2
166,"Coolant Flush","Major Service",107777,"No",2
167,"Engine Air Filter","Minor Service",14516,"No",2
168,"Brake Pads & Discs","Minor Service",38402,"No",2
169,"Spark Plugs","Major Service",52526,"Yes",5
170,"Wiper Blades","Minor Service",18375,"Yes",4
171,"Shocks & Struts","Major Service",98145,"Yes",5
172,"Cabin Air Filter","Minor Service",25165,"Yes",4
173,"Engine Air Filter","Minor Service",19412,"No",2
174,"Transmission Fluid","Major Service",88950,"Yes",5
175,"Cabin Air Filter","Minor Service",24966,"No",1
176,"Engine Oil & Filter","Minor Service",9771,"No",1
177,"Transmission Fluid","Major Service",85937,"No",1
178,"Engine Air Filter","Minor Service",19218,"No",1
179,"Cabin Air Filter","Minor Service",20693,"No",1
180,"Brake Pads & Discs","Minor Service",27763,"No",2
181,"Oxygen (O2) Sensor","Diagnostic",142556,"Yes",5
182,"Brake Pads & Discs","Minor Service",28663,"No",2
183,"Cabin Air Filter","Minor Service",22056,"No",1
184,"Spark Plugs","Major Service",69714,"Yes",4
185,"Engine Air Filter","Minor Service",14733,"No",1
186,"Transmission Fluid","Major Service",82808,"No",1
187,"Drive/Serpentine Belt","Major Service",68051,"Yes",3
188,"Shocks & Struts","Major Service",96395,"Yes",3
189,"Engine Air Filter","Minor Service",14472,"No",2
190,"Wiper Blades","Minor Service",16973,"No",1
191,"Spark Plugs","Major Service",68423,"Yes",3
192,"Engine Oil & Filter","Minor Service",10407,"Yes",4
193,"Cabin Air Filter","Minor Service",15627,"No",1
194,"Spark Plugs","Major Service",56861,"Yes",3
195,"Engine Oil & Filter","Minor Service",9491,"Yes",5
196,"Cabin Air Filter","Minor Service",21248,"No",1
197,"Oxygen (O2) Sensor","Diagnostic",111655,"Yes",5
198,"Engine Air Filter","Minor Service",14493,"Yes",3
199,"Brake Pads & Discs","Minor Service",44181,"Yes",3
200,"Engine Air Filter","Minor Service",16177,"No",1
201,"Engine Air Filter","Minor Service",17347,"No",1
202,"Coolant Flush","Major Service",96708,"No",2
203,"Cabin Air Filter","Minor Service",20150,"Yes",5
204,"Engine Oil & Filter","Minor Service",7912,"No",2
205,"Engine Oil & Filter","Minor Service",8338,"No",2
206,"Engine Air Filter","Minor Service",20530,"No",2
207,"Engine Air Filter","Minor Service",21169,"No",2
208,"Coolant Flush","Major Service",104223,"No",2
209,"Cabin Air Filter","Minor Service",23086,"No",1
210,"Wiper Blades","Minor Service",13194,"No",1
211,"Cabin Air Filter","Minor Service",23951,"No",2
212,"Engine Oil & Filter","Minor Service",7013,"No",1
213,"Cabin Air Filter","Minor Service",26489,"Yes",4
214,"Coolant Flush","Major Service",97628,"No",1
215,"Thermostat","Diagnostic",84931,"No",1
216,"Engine Air Filter","Minor Service",17540,"No",1
217,"Wiper Blades","Minor Service",10451,"No",2
218,"Engine Oil & Filter","Minor Service",10017,"Yes",4
219,"Wiper Blades","Minor Service",14628,"No",2
220,"Shocks & Struts","Major Service",75965,"Yes",5
221,"Engine Air Filter","Minor Service",20770,"Yes",3
222,"Engine Air Filter","Minor Service",17868,"No",1
223,"Coolant Flush","Major Service",95964,"No",1
224,"Cabin Air Filter","Minor Service",19958,"No",2
225,"Engine Oil & Filter","Minor Service",9811,"No",2
226,"Mass Airflow Sensor","Diagnostic",104502,"Yes",4
227,"Wiper Blades","Minor Service",23506,"No",2
228,"Brake Pads & Discs","Minor Service",36249,"Yes",3
229,"Engine Air Filter","Minor Service",18857,"No",2
230,"Drive/Serpentine Belt","Major Service",64428,"Yes",5
231,"Spark Plugs","Major Service",67381,"Yes",5
232,"Wiper Blades","Minor Service",17069,"Yes",5
233,"Wiper Blades","Minor Service",13958,"Yes",5
234,"Engine Oil & Filter","Minor Service",10692,"Yes",4
235,"Cabin Air Filter","Minor Service",24061,"No",2
236,"Brake Pads & Discs","Minor Service",29585,"No",2
237,"Engine Oil & Filter","Minor Service",8376,"No",2
238,"Engine Oil & Filter","Minor Service",10558,"Yes",3
239,"Spark Plugs","Major Service",59733,"No",1
240,"Engine Air Filter","Minor Service",12771,"No",2
241,"Engine Oil & Filter","Minor Service",12010,"Yes",4
242,"Shocks & Struts","Major Service",78867,"Yes",3
243,"Engine Oil & Filter","Minor Service",8361,"No",2
244,"Engine Oil & Filter","Minor Service",13460,"No",2
245,"Engine Oil & Filter","Minor Service",9603,"No",1
246,"Engine Oil & Filter","Minor Service",13081,"No",2
247,"Spark Plugs","Major Service",46707,"Yes",4
248,"Engine Air Filter","Minor Service",19642,"No",1
249,"Shocks & Struts","Major Service",106987,"Yes",3
250,"Engine Oil & Filter","Minor Service",8331,"No",2
251,"Mass Airflow Sensor","Diagnostic",98863,"Yes",4
252,"Cabin Air Filter","Minor Service",21462,"Yes",4
253,"Engine Oil & Filter","Minor Service",14352,"Yes",5
254,"Brake Pads & Discs","Minor Service",29960,"Yes",5
255,"Brake Pads & Discs","Minor Service",36675,"No",1
256,"Engine Oil & Filter","Minor Service",10835,"Yes",4
257,"Transmission Fluid","Major Service",77048,"Yes",3
258,"Engine Oil & Filter","Minor Service",8955,"No",2
259,"Wiper Blades","Minor Service",8065,"Yes",3
260,"Engine Oil & Filter","Minor Service",7877,"Yes",3
261,"Wiper Blades","Minor Service",15016,"No",1
262,"Spark Plugs","Major Service",65302,"No",2
263,"Drive/Serpentine Belt","Major Service",70030,"Yes",4
264,"Engine Oil & Filter","Minor Service",8881,"No",1
265,"Engine Oil & Filter","Minor Service",11306,"No",2
266,"Engine Oil & Filter","Minor Service",10432,"Yes",3
267,"Brake Pads & Discs","Minor Service",34502,"No",2
268,"Engine Oil & Filter","Minor Service",9469,"No",1
269,"Engine Air Filter","Minor Service",17037,"No",2
270,"Wiper Blades","Minor Service",14412,"No",2
271,"Alternator","Diagnostic",159916,"Yes",4
272,"Cabin Air Filter","Minor Service",18619,"Yes",5
273,"Wiper Blades","Minor Service",16809,"No",2
274,"Engine Air Filter","Minor Service",17505,"No",1
275,"Brake Pads & Discs","Minor Service",41635,"Yes",3
276,"Engine Air Filter","Minor Service",14619,"No",1
277,"Brake Pads & Discs","Minor Service",36360,"Yes",4
278,"Alternator","Diagnostic",122625,"Yes",4
279,"Engine Oil & Filter","Minor Service",8482,"No",2
280,"Coolant Flush","Major Service",97384,"No",1
281,"Cabin Air Filter","Minor Service",20520,"Yes",5
282,"Engine Oil & Filter","Minor Service",9639,"No",1
283,"Engine Air Filter","Minor Service",25347,"No",2
284,"Brake Pads & Discs","Minor Service",41880,"Yes",4
285,"Engine Oil & Filter","Minor Service",11556,"No",1
286,"Spark Plugs","Major Service",61262,"No",2
287,"Wiper Blades","Minor Service",15736,"Yes",5
288,"Engine Oil & Filter","Minor Service",6753,"No",1
289,"Engine Oil & Filter","Minor Service",11992,"No",1
290,"Alternator","Diagnostic",110936,"Yes",4
291,"Engine Oil & Filter","Minor Service",10480,"No",1
292,"Cabin Air Filter","Minor Service",24242,"No",2
293,"Wiper Blades","Minor Service",12651,"No",1
294,"Wiper Blades","Minor Service",14127,"No",1
295,"Engine Air Filter","Minor Service",16993,"Yes",5
296,"Engine Air Filter","Minor Service",21911,"No",2
297,"Wiper Blades","Minor Service",17918,"No",1
298,"Fuel Pump","Diagnostic",178675,"Yes",3
299,"Cabin Air Filter","Minor Service",19648,"No",1
300,"Wiper Blades","Minor Service",15137,"No",1
301,"Brake Pads & Discs","Minor Service",35178,"No",2
302,"Engine Air Filter","Minor Service",15143,"No",1
303,"Engine Air Filter","Minor Service",23930,"No",1
304,"Engine Air Filter","Minor Service",15044,"No",2
305,"Fuel Pump","Diagnostic",119044,"Yes",4
306,"Cabin Air Filter","Minor Service",19019,"No",1
307,"Wiper Blades","Minor Service",13379,"Yes",3
308,"Cabin Air Filter","Minor Service",19414,"No",1
309,"Cabin Air Filter","Minor Service",16229,"Yes",3
310,"Cabin Air Filter","Minor Service",18933,"No",1
311,"Brake Pads & Discs","Minor Service",34790,"No",1
312,"Cabin Air Filter","Minor Service",21800,"Yes",5
313,"Cabin Air Filter","Minor Service",17129,"No",1
314,"Transmission Fluid","Major Service",76182,"No",1
315,"Engine Oil & Filter","Minor Service",11231,"No",1
316,"Wiper Blades","Minor Service",17728,"No",1
317,"Cabin Air Filter","Minor Service",18061,"No",1
318,"Brake Pads & Discs","Minor Service",21201,"No",2
319,"Engine Oil & Filter","Minor Service",10466,"No",1
320,"Engine Oil & Filter","Minor Service",11632,"No",2
321,"Spark Plugs","Major Service",52532,"Yes",5
322,"Engine Oil & Filter","Minor Service",9482,"No",1
323,"Transmission Fluid","Major Service",67649,"Yes",4
324,"Cabin Air Filter","Minor Service",23846,"No",1
325,"Engine Air Filter","Minor Service",15487,"No",2
326,"Cabin Air Filter","Minor Service",22017,"No",2
327,"Cabin Air Filter","Minor Service",19422,"No",2
328,"Drive/Serpentine Belt","Major Service",68245,"Yes",5
329,"Coolant Flush","Major Service",116961,"No",1
330,"Cabin Air Filter","Minor Service",27811,"No",2
331,"Wiper Blades","Minor Service",11661,"No",1
332,"Engine Air Filter","Minor Service",19706,"No",2
333,"Spark Plugs","Major Service",59331,"No",2
334,"Engine Air Filter","Minor Service",23626,"Yes",4
335,"Engine Air Filter","Minor Service",17762,"No",1
336,"Engine Oil & Filter","Minor Service",11864,"Yes",5
337,"Engine Oil & Filter","Minor Service",9220,"No",1
338,"Thermostat","Diagnostic",102521,"Yes",5
339,"Engine Air Filter","Minor Service",22066,"Yes",4
340,"Transmission Fluid","Major Service",80911,"No",1
341,"Engine Air Filter","Minor Service",20065,"Yes",3
342,"Wiper Blades","Minor Service",18753,"Yes",4
343,"Coolant Flush","Major Service",105499,"No",2
344,"Transmission Fluid","Major Service",67557,"No",2
345,"Engine Air Filter","Minor Service",24181,"Yes",4
346,"Spark Plugs","Major Service",57646,"No",1
347,"Brake Pads & Discs","Minor Service",30506,"No",1
348,"Cabin Air Filter","Minor Service",15569,"No",1
349,"Engine Oil & Filter","Minor Service",10424,"No",2
350,"Oxygen (O2) Sensor","Diagnostic",127631,"Yes",3
351,"Cabin Air Filter","Minor Service",23172,"No",2
352,"Brake Pads & Discs","Minor Service",37585,"No",2
353,"Engine Air Filter","Minor Service",21368,"Yes",3
354,"Engine Air Filter","Minor Service",23864,"Yes",3
355,"Engine Oil & Filter","Minor Service",11306,"Yes",3
356,"Drive/Serpentine Belt","Major Service",81052,"Yes",5
357,"Wiper Blades","Minor Service",18709,"Yes",5
358,"Fuel Pump","Diagnostic",166172,"Yes",5
359,"Cabin Air Filter","Minor Service",16662,"No",1
360,"Engine Oil & Filter","Minor Service",11174,"No",1
361,"Cabin Air Filter","Minor Service",15010,"No",1
362,"Engine Oil & Filter","Minor Service",6720,"No",2
363,"Brake Pads & Discs","Minor Service",34065,"Yes",5
364,"Wiper Blades","Minor Service",15028,"No",2
365,"Wiper Blades","Minor Service",14816,"No",1
366,"Wiper Blades","Minor Service",17574,"Yes",4
367,"Cabin Air Filter","Minor Service",18619,"No",1
368,"Cabin Air Filter","Minor Service",20614,"No",1
369,"Engine Oil & Filter","Minor Service",9626,"No",1
370,"Cabin Air Filter","Minor Service",21652,"Yes",3
371,"Coolant Flush","Major Service",103502,"No",1
372,"Fuel Pump","Diagnostic",208104,"Yes",5
373,"Cabin Air Filter","Minor Service",19709,"No",2
374,"Engine Oil & Filter","Minor Service",9642,"No",2
375,"Cabin Air Filter","Minor Service",18727,"No",1
376,"Engine Oil & Filter","Minor Service",5518,"No",1
377,"Drive/Serpentine Belt","Major Service",87750,"Yes",3
378,"Engine Air Filter","Minor Service",18079,"No",1
379,"Cabin Air Filter","Minor Service",15637,"No",1
380,"Wiper Blades","Minor Service",18839,"Yes",5
381,"Brake Pads & Discs","Minor Service",28657,"Yes",5
382,"Drive/Serpentine Belt","Major Service",80258,"Yes",4
383,"Engine Air Filter","Minor Service",21626,"No",2
384,"Wiper Blades","Minor Service",22990,"No",1
385,"Drive/Serpentine Belt","Major Service",70597,"No",1
386,"Cabin Air Filter","Minor Service",23811,"No",2
387,"Engine Air Filter","Minor Service",17659,"No",1
388,"Engine Oil & Filter","Minor Service",12093,"No",2
389,"Wiper Blades","Minor Service",11131,"No",2
390,"Engine Oil & Filter","Minor Service",13421,"Yes",5
391,"Brake Pads & Discs","Minor Service",40138,"Yes",4
392,"Brake Pads & Discs","Minor Service",39841,"No",2
393,"Engine Oil & Filter","Minor Service",11843,"No",1
394,"Engine Air Filter","Minor Service",14325,"No",2
395,"Transmission Fluid","Major Service",73644,"No",2
396,"Engine Air Filter","Minor Service",15972,"No",1
397,"Engine Oil & Filter","Minor Service",10939,"Yes",4
398,"Brake Pads & Discs","Minor Service",32715,"No",1
399,"Engine Air Filter","Minor Service",21673,"No",1
400,"Mass Airflow Sensor","Diagnostic",102538,"Yes",4
401,"Brake Pads & Discs","Minor Service",40805,"No",1
402,"Engine Air Filter","Minor Service",19530,"No",1
403,"Wiper Blades","Minor Service",12237,"Yes",4
404,"Cabin Air Filter","Minor Service",20029,"No",1
405,"Engine Air Filter","Minor Service",21896,"No",1
406,"Brake Pads & Discs","Minor Service",25237,"Yes",5
407,"Cabin Air Filter","Minor Service",17375,"No",2
408,"Drive/Serpentine Belt","Major Service",79863,"Yes",5
409,"Cabin Air Filter","Minor Service",20093,"No",2
410,"Shocks & Struts","Major Service",94885,"Yes",4
411,"Wiper Blades","Minor Service",10264,"Yes",3
412,"Brake Pads & Discs","Minor Service",44030,"No",2
413,"Brake Pads & Discs","Minor Service",33962,"Yes",5
414,"Engine Oil & Filter","Minor Service",8110,"No",1
415,"Thermostat","Diagnostic",104148,"Yes",5
416,"Spark Plugs","Major Service",56251,"Yes",3
417,"Engine Oil & Filter","Minor Service",14705,"No",1
418,"Engine Air Filter","Minor Service",19255,"No",1
419,"Engine Air Filter","Minor Service",21007,"Yes",5
420,"Brake Pads & Discs","Minor Service",33329,"No",2
421,"Brake Pads & Discs","Minor Service",39712,"Yes",3
422,"Cabin Air Filter","Minor Service",19424,"No",2
423,"Transmission Fluid","Major Service",90606,"Yes",4
424,"Spark Plugs","Major Service",57735,"No",2
425,"Engine Air Filter","Minor Service",18339,"No",2
426,"Wiper Blades","Minor Service",16789,"No",2
427,"Brake Pads & Discs","Minor Service",25046,"No",2
428,"Engine Oil & Filter","Minor Service",10412,"No",1
429,"Engine Oil & Filter","Minor Service",6502,"No",2
430,"Engine Oil & Filter","Minor Service",11800,"Yes",4
431,"Brake Pads & Discs","Minor Service",31770,"No",1
432,"Wiper Blades","Minor Service",10854,"Yes",4
433,"Wiper Blades","Minor Service",10895,"Yes",5
434,"Engine Oil & Filter","Minor Service",7903,"No",1
435,"Wiper Blades","Minor Service",8674,"No",2
436,"Transmission Fluid","Major Service",65913,"No",2
437,"Engine Air Filter","Minor Service",16484,"No",2
438,"Engine Air Filter","Minor Service",23417,"No",1
439,"Drive/Serpentine Belt","Major Service",70254,"Yes",5
440,"Spark Plugs","Major Service",65608,"Yes",3
441,"Engine Oil & Filter","Minor Service",9678,"No",2
442,"Engine Oil & Filter","Minor Service",7550,"No",1
443,"Engine Air Filter","Minor Service",23081,"No",1
444,"Engine Oil & Filter","Minor Service",9693,"No",1
445,"Cabin Air Filter","Minor Service",20010,"Yes",4
446,"Cabin Air Filter","Minor Service",20977,"No",1
447,"Brake Pads & Discs","Minor Service",38300,"No",1
448,"Cabin Air Filter","Minor Service",21280,"No",1
449,"Brake Pads & Discs","Minor Service",33509,"No",2
450,"Cabin Air Filter","Minor Service",17991,"No",1
451,"Spark Plugs","Major Service",63202,"Yes",5
452,"Engine Air Filter","Minor Service",26440,"No",1
453,"Engine Oil & Filter","Minor Service",9247,"No",1
454,"Engine Oil & Filter","Minor Service",9955,"No",2
455,"Drive/Serpentine Belt","Major Service",61177,"No",2
456,"Engine Air Filter","Minor Service",19732,"No",2
457,"Coolant Flush","Major Service",107532,"No",2
458,"Wiper Blades","Minor Service",12424,"No",2
459,"Mass Airflow Sensor","Diagnostic",96293,"Yes",4
460,"Oxygen (O2) Sensor","Diagnostic",124932,"Yes",5
461,"Shocks & Struts","Major Service",96179,"Yes",4
462,"Engine Oil & Filter","Minor Service",5948,"No",2
463,"Alternator","Diagnostic",133659,"Yes",4
464,"Spark Plugs","Major Service",61082,"No",1
465,"Engine Oil & Filter","Minor Service",8300,"No",2
466,"Engine Oil & Filter","Minor Service",6354,"No",1
467,"Wiper Blades","Minor Service",17445,"No",1
468,"Wiper Blades","Minor Service",9795,"No",2
469,"Engine Air Filter","Minor Service",22406,"Yes",3
470,"Cabin Air Filter","Minor Service",22236,"No",2
471,"Engine Air Filter","Minor Service",15668,"No",1
472,"Cabin Air Filter","Minor Service",15936,"Yes",4
473,"Engine Air Filter","Minor Service",21158,"No",2
474,"Mass Airflow Sensor","Diagnostic",116530,"Yes",5
475,"Cabin Air Filter","Minor Service",24342,"Yes",4
476,"Shocks & Struts","Major Service",67934,"No",2
477,"Cabin Air Filter","Minor Service",20585,"No",1
478,"Wiper Blades","Minor Service",21156,"Yes",3
479,"Wiper Blades","Minor Service",19525,"No",2
480,"Drive/Serpentine Belt","Major Service",66220,"No",2
481,"Engine Oil & Filter","Minor Service",11019,"No",1
482,"Wiper Blades","Minor Service",14855,"No",1
483,"Shocks & Struts","Major Service",82606,"Yes",4
484,"Engine Oil & Filter","Minor Service",7476,"No",2
485,"Cabin Air Filter","Minor Service",17728,"No",2
486,"Oxygen (O2) Sensor","Diagnostic",121902,"Yes",5
487,"Engine Air Filter","Minor Service",23001,"No",2
488,"Cabin Air Filter","Minor Service",16172,"No",2
489,"Brake Pads & Discs","Minor Service",39240,"Yes",5
490,"Cabin Air Filter","Minor Service",20963,"Yes",4
491,"Engine Oil & Filter","Minor Service",10060,"No",1
492,"Engine Air Filter","Minor Service",14712,"No",1
493,"Brake Pads & Discs","Minor Service",39190,"Yes",3
494,"Transmission Fluid","Major Service",76688,"No",1
495,"Cabin Air Filter","Minor Service",18063,"No",1
496,"Spark Plugs","Major Service",43245,"Yes",5
497,"Engine Oil & Filter","Minor Service",13016,"Yes",5
498,"Cabin Air Filter","Minor Service",21158,"No",1
499,"Spark Plugs","Major Service",50477,"No",2
500,"Wiper Blades","Minor Service",15399,"Yes",4
501,"Shocks & Struts","Major Service",86848,"Yes",4
502,"Engine Air Filter","Minor Service",26774,"Yes",5
503,"Spark Plugs","Major Service",52554,"No",1
504,"Shocks & Struts","Major Service",81915,"Yes",4
505,"Brake Pads & Discs","Minor Service",39132,"Yes",5
506,"Cabin Air Filter","Minor Service",19323,"No",2
507,"Brake Pads & Discs","Minor Service",30219,"No",1
508,"Engine Oil & Filter","Minor Service",8797,"No",1
509,"Shocks & Struts","Major Service",60491,"Yes",5
510,"Engine Air Filter","Minor Service",15646,"No",1
511,"Wiper Blades","Minor Service",17096,"Yes",5
512,"Engine Oil & Filter","Minor Service",10078,"No",2
513,"Spark Plugs","Major Service",52824,"No",2
514,"Drive/Serpentine Belt","Major Service",59233,"Yes",3
515,"Brake Pads & Discs","Minor Service",35636,"Yes",3
516,"Wiper Blades","Minor Service",17378,"No",2
517,"Engine Air Filter","Minor Service",18029,"No",2
518,"Wiper Blades","Minor Service",7632,"No",2
519,"Engine Air Filter","Minor Service",24539,"Yes",3
520,"Cabin Air Filter","Minor Service",20937,"No",2
521,"Engine Air Filter","Minor Service",16798,"No",1
522,"Thermostat","Diagnostic",104568,"Yes",4
523,"Thermostat","Diagnostic",89413,"Yes",5
524,"Shocks & Struts","Major Service",89762,"Yes",5
525,"Mass Airflow Sensor","Diagnostic",119706,"Yes",4
526,"Oxygen (O2) Sensor","Diagnostic",121801,"Yes",5
527,"Coolant Flush","Major Service",108999,"No",1
528,"Engine Oil & Filter","Minor Service",7299,"No",1
529,"Engine Air Filter","Minor Service",19816,"No",1
530,"Drive/Serpentine Belt","Major Service",64436,"Yes",4
531,"Wiper Blades","Minor Service",15483,"No",2
532,"Brake Pads & Discs","Minor Service",35601,"Yes",4
533,"Engine Oil & Filter","Minor Service",8928,"No",2
534,"Engine Oil & Filter","Minor Service",11043,"No",2
535,"Engine Air Filter","Minor Service",18054,"No",1
536,"Wiper Blades","Minor Service",17626,"No",1
537,"Engine Air Filter","Minor Service",15561,"No",1
538,"Engine Air Filter","Minor Service",21067,"Yes",4
539,"Coolant Flush","Major Service",116461,"No",1
540,"Engine Air Filter","Minor Service",22500,"Yes",5
541,"Engine Oil & Filter","Minor Service",11257,"Yes",4
542,"Shocks & Struts","Major Service",115933,"Yes",4
543,"Cabin Air Filter","Minor Service",12736,"No",2
544,"Brake Pads & Discs","Minor Service",27089,"No",2
545,"Engine Air Filter","Minor Service",16681,"No",1
546,"Spark Plugs","Major Service",59716,"Yes",5
547,"Engine Oil & Filter","Minor Service",9581,"No",1
548,"Wiper Blades","Minor Service",13482,"No",1
549,"Engine Oil & Filter","Minor Service",12895,"No",1
550,"Drive/Serpentine Belt","Major Service",73217,"Yes",3
551,"Coolant Flush","Major Service",113060,"No",2
552,"Shocks & Struts","Major Service",82650,"Yes",3
553,"Mass Airflow Sensor","Diagnostic",127025,"Yes",5
554,"Transmission Fluid","Major Service",82122,"No",2
555,"Brake Pads & Discs","Minor Service",26337,"Yes",4
556,"Cabin Air Filter","Minor Service",21040,"Yes",3
557,"Cabin Air Filter","Minor Service",21892,"No",2
558,"Engine Oil & Filter","Minor Service",6842,"No",2
559,"Spark Plugs","Major Service",58935,"Yes",3
560,"Shocks & Struts","Major Service",103802,"Yes",5
561,"Coolant Flush","Major Service",98950,"No",1
562,"Wiper Blades","Minor Service",17936,"No",2
563,"Engine Oil & Filter","Minor Service",12213,"No",1
564,"Wiper Blades","Minor Service",9679,"No",1
565,"Engine Oil & Filter","Minor Service",10390,"No",1
566,"Engine Oil & Filter","Minor Service",6073,"No",1
567,"Cabin Air Filter","Minor Service",22302,"No",2
568,"Engine Oil & Filter","Minor Service",13627,"Yes",4
569,"Wiper Blades","Minor Service",10233,"Yes",3
570,"Brake Pads & Discs","Minor Service",36549,"Yes",5
571,"Cabin Air Filter","Minor Service",21903,"No",2
572,"Engine Oil & Filter","Minor Service",10224,"No",1
573,"Wiper Blades","Minor Service",13892,"No",1
574,"Engine Air Filter","Minor Service",22159,"No",2
575,"Thermostat","Diagnostic",111065,"Yes",3
576,"Engine Oil & Filter","Minor Service",6093,"No",2
577,"Brake Pads & Discs","Minor Service",34611,"Yes",4
578,"Transmission Fluid","Major Service",85834,"Yes",3
579,"Spark Plugs","Major Service",73481,"Yes",3
580,"Alternator","Diagnostic",178567,"Yes",5
581,"Wiper Blades","Minor Service",11800,"No",1
582,"Cabin Air Filter","Minor Service",17240,"No",1
583,"Engine Oil & Filter","Minor Service",10375,"No",2
584,"Engine Oil & Filter","Minor Service",4759,"No",2
585,"Brake Pads & Discs","Minor Service",39554,"Yes",4
586,"Engine Air Filter","Minor Service",18417,"No",1
587,"Spark Plugs","Major Service",48139,"Yes",5
588,"Brake Pads & Discs","Minor Service",35617,"Yes",5
589,"Cabin Air Filter","Minor Service",23362,"Yes",4
590,"Brake Pads & Discs","Minor Service",34669,"Yes",5
591,"Wiper Blades","Minor Service",13561,"No",2
592,"Wiper Blades","Minor Service",16221,"No",2
593,"Engine Oil & Filter","Minor Service",7726,"No",1
594,"Wiper Blades","Minor Service",13799,"No",2
595,"Brake Pads & Discs","Minor Service",34227,"Yes",3
596,"Wiper Blades","Minor Service",13354,"No",2
597,"Engine Oil & Filter","Minor Service",8543,"No",1
598,"Wiper Blades","Minor Service",13175,"No",2
599,"Mass Airflow Sensor","Diagnostic",93795,"Yes",3
600,"Engine Oil & Filter","Minor Service",8538,"No",1
601,"Engine Air Filter","Minor Service",18226,"No",2
602,"Oxygen (O2) Sensor","Diagnostic",124989,"Yes",5
603,"Wiper Blades","Minor Service",11530,"No",2
604,"Engine Oil & Filter","Minor Service",11139,"No",2
605,"Cabin Air Filter","Minor Service",19378,"No",1
606,"Engine Oil & Filter","Minor Service",7089,"No",2
607,"Spark Plugs","Major Service",50054,"No",2
608,"Wiper Blades","Minor Service",18713,"No",1
609,"Thermostat","Diagnostic",108497,"Yes",5
610,"Engine Oil & Filter","Minor Service",11716,"No",2
611,"Cabin Air Filter","Minor Service",26299,"No",2
612,"Engine Air Filter","Minor Service",24022,"No",2
613,"Engine Oil & Filter","Minor Service",12151,"No",2
614,"Cabin Air Filter","Minor Service",21638,"Yes",3
615,"Coolant Flush","Major Service",123727,"No",2
616,"Wiper Blades","Minor Service",10140,"No",2
617,"Engine Air Filter","Minor Service",19686,"No",2
618,"Cabin Air Filter","Minor Service",19471,"No",1
619,"Spark Plugs","Major Service",48432,"No",1
620,"Cabin Air Filter","Minor Service",21128,"No",2
621,"Oxygen (O2) Sensor","Diagnostic",117386,"Yes",4
622,"Wiper Blades","Minor Service",21187,"Yes",5
623,"Cabin Air Filter","Minor Service",14549,"No",2
624,"Engine Oil & Filter","Minor Service",11582,"No",2
625,"Engine Oil & Filter","Minor Service",10240,"No",2
626,"Cabin Air Filter","Minor Service",17604,"No",2
627,"Engine Oil & Filter","Minor Service",9100,"No",2
628,"Drive/Serpentine Belt","Major Service",59981,"Yes",4
629,"Engine Oil & Filter","Minor Service",9170,"No",2
630,"Spark Plugs","Major Service",50998,"Yes",5
631,"Brake Pads & Discs","Minor Service",36609,"No",2
632,"Wiper Blades","Minor Service",11558,"Yes",5
633,"Engine Air Filter","Minor Service",18248,"Yes",3
634,"Engine Air Filter","Minor Service",20068,"No",1
635,"Engine Air Filter","Minor Service",16766,"No",2
636,"Wiper Blades","Minor Service",10556,"Yes",5
637,"Wiper Blades","Minor Service",19575,"No",1
638,"Wiper Blades","Minor Service",14382,"No",1
639,"Cabin Air Filter","Minor Service",16258,"No",1
640,"Wiper Blades","Minor Service",15214,"No",2
641,"Cabin Air Filter","Minor Service",18458,"No",1
642,"Engine Air Filter","Minor Service",22835,"No",1
643,"Engine Oil & Filter","Minor Service",8900,"No",2
644,"Cabin Air Filter","Minor Service",14852,"No",2
645,"Thermostat","Diagnostic",96425,"Yes",5
646,"Brake Pads & Discs","Minor Service",35869,"Yes",4
647,"Engine Oil & Filter","Minor Service",12241,"No",1
648,"Shocks & Struts","Major Service",92197,"Yes",3
649,"Thermostat","Diagnostic",119312,"Yes",3
650,"Cabin Air Filter","Minor Service",17031,"No",1
651,"Cabin Air Filter","Minor Service",18044,"No",2
652,"Engine Air Filter","Minor Service",22522,"No",1
653,"Engine Oil & Filter","Minor Service",8744,"No",2
654,"Engine Oil & Filter","Minor Service",9778,"No",1
655,"Cabin Air Filter","Minor Service",19607,"Yes",5
656,"Engine Oil & Filter","Minor Service",9449,"No",1
657,"Wiper Blades","Minor Service",13094,"No",1
658,"Thermostat","Diagnostic",92350,"No",2
659,"Wiper Blades","Minor Service",11324,"Yes",5
660,"Cabin Air Filter","Minor Service",22799,"Yes",5
661,"Cabin Air Filter","Minor Service",22385,"Yes",5
662,"Engine Oil & Filter","Minor Service",11137,"Yes",5
663,"Engine Air Filter","Minor Service",22669,"Yes",4
664,"Shocks & Struts","Major Service",77664,"Yes",4
665,"Engine Oil & Filter","Minor Service",7686,"No",1
666,"Engine Air Filter","Minor Service",22398,"No",2
667,"Cabin Air Filter","Minor Service",22423,"Yes",4
668,"Engine Oil & Filter","Minor Service",11674,"Yes",4
669,"Engine Oil & Filter","Minor Service",12894,"No",1
670,"Oxygen (O2) Sensor","Diagnostic",100299,"Yes",5
671,"Spark Plugs","Major Service",52500,"Yes",4
672,"Engine Oil & Filter","Minor Service",11672,"No",2
673,"Cabin Air Filter","Minor Service",19771,"No",2
674,"Engine Air Filter","Minor Service",18863,"Yes",5
675,"Cabin Air Filter","Minor Service",18656,"No",2
676,"Shocks & Struts","Major Service",101059,"Yes",5
677,"Wiper Blades","Minor Service",12739,"Yes",3
678,"Engine Air Filter","Minor Service",19228,"Yes",5
679,"Shocks & Struts","Major Service",89806,"Yes",5
680,"Brake Pads & Discs","Minor Service",41480,"Yes",5
681,"Wiper Blades","Minor Service",14513,"No",1
682,"Wiper Blades","Minor Service",12128,"No",1
683,"Thermostat","Diagnostic",94970,"Yes",4
684,"Wiper Blades","Minor Service",8317,"No",2
685,"Engine Oil & Filter","Minor Service",8816,"No",1
686,"Drive/Serpentine Belt","Major Service",64951,"Yes",5
687,"Engine Air Filter","Minor Service",24988,"No",2
688,"Engine Oil & Filter","Minor Service",8605,"No",1
689,"Engine Air Filter","Minor Service",21737,"No",2
690,"Engine Oil & Filter","Minor Service",10560,"No",1
691,"Engine Air Filter","Minor Service",16490,"No",2
692,"Engine Oil & Filter","Minor Service",8146,"No",1
693,"Drive/Serpentine Belt","Major Service",75282,"Yes",3
694,"Spark Plugs","Major Service",67854,"Yes",3
695,"Wiper Blades","Minor Service",19955,"No",2
696,"Brake Pads & Discs","Minor Service",33317,"No",2
697,"Brake Pads & Discs","Minor Service",36629,"No",1
698,"Brake Pads & Discs","Minor Service",31265,"No",1
699,"Mass Airflow Sensor","Diagnostic",94799,"No",2
700,"Brake Pads & Discs","Minor Service",37186,"Yes",5
701,"Transmission Fluid","Major Service",76005,"No",2
702,"Brake Pads & Discs","Minor Service",42698,"No",2
703,"Wiper Blades","Minor Service",12813,"No",2
704,"Coolant Flush","Major Service",85794,"No",2
705,"Thermostat","Diagnostic",80930,"Yes",5
706,"Engine Air Filter","Minor Service",22807,"No",2
707,"Drive/Serpentine Belt","Major Service",73852,"Yes",5
708,"Spark Plugs","Major Service",64035,"Yes",5
709,"Transmission Fluid","Major Service",68619,"No",2
710,"Brake Pads & Discs","Minor Service",28924,"No",2
711,"Spark Plugs","Major Service",59760,"No",1
712,"Engine Oil & Filter","Minor Service",8377,"No",2
713,"Drive/Serpentine Belt","Major Service",77251,"Yes",5
714,"Engine Oil & Filter","Minor Service",11912,"Yes",3
715,"Engine Air Filter","Minor Service",19872,"No",1
716,"Engine Oil & Filter","Minor Service",13108,"Yes",3
717,"Engine Air Filter","Minor Service",17453,"Yes",4
718,"Spark Plugs","Major Service",52372,"Yes",3
719,"Spark Plugs","Major Service",76363,"Yes",5
720,"Engine Oil & Filter","Minor Service",12329,"No",2
721,"Oxygen (O2) Sensor","Diagnostic",112524,"Yes",3
722,"Engine Air Filter","Minor Service",19387,"Yes",4
723,"Oxygen (O2) Sensor","Diagnostic",138103,"Yes",4
724,"Coolant Flush","Major Service",88109,"Yes",5
725,"Engine Air Filter","Minor Service",19906,"Yes",4
726,"Cabin Air Filter","Minor Service",22518,"No",2
727,"Engine Oil & Filter","Minor Service",14120,"Yes",4
728,"Engine Oil & Filter","Minor Service",13711,"Yes",4
729,"Oxygen (O2) Sensor","Diagnostic",125244,"Yes",4
730,"Engine Air Filter","Minor Service",20532,"Yes",5
731,"Transmission Fluid","Major Service",71537,"No",2
732,"Engine Oil & Filter","Minor Service",9736,"No",1
733,"Engine Oil & Filter","Minor Service",11311,"No",2
734,"Shocks & Struts","Major Service",73042,"No",1
735,"Coolant Flush","Major Service",79982,"No",1
736,"Cabin Air Filter","Minor Service",18360,"No",1
737,"Wiper Blades","Minor Service",15973,"No",1
738,"Wiper Blades","Minor Service",18212,"No",2
739,"Wiper Blades","Minor Service",11728,"No",2
740,"Spark Plugs","Major Service",62405,"No",2
741,"Brake Pads & Discs","Minor Service",34786,"No",2
742,"Brake Pads & Discs","Minor Service",36393,"Yes",3
743,"Engine Oil & Filter","Minor Service",7513,"No",1
744,"Transmission Fluid","Major Service",94658,"No",2
745,"Engine Oil & Filter","Minor Service",12098,"No",2
746,"Engine Oil & Filter","Minor Service",9930,"No",1
747,"Brake Pads & Discs","Minor Service",30121,"Yes",4
748,"Brake Pads & Discs","Minor Service",50176,"Yes",4
749,"Engine Air Filter","Minor Service",22130,"No",2
750,"Mass Airflow Sensor","Diagnostic",107347,"Yes",4
751,"Wiper Blades","Minor Service",10713,"No",1
752,"Wiper Blades","Minor Service",14032,"No",1
753,"Wiper Blades","Minor Service",11455,"No",2
754,"Brake Pads & Discs","Minor Service",42367,"Yes",3
755,"Cabin Air Filter","Minor Service",24093,"No",1
756,"Brake Pads & Discs","Minor Service",39553,"Yes",3
757,"Engine Air Filter","Minor Service",26791,"No",1
758,"Engine Oil & Filter","Minor Service",8326,"No",2
759,"Engine Oil & Filter","Minor Service",7596,"No",2
760,"Cabin Air Filter","Minor Service",17421,"No",1
761,"Wiper Blades","Minor Service",6326,"Yes",4
762,"Engine Air Filter","Minor Service",22028,"No",2
763,"Wiper Blades","Minor Service",18172,"Yes",3
764,"Cabin Air Filter","Minor Service",20719,"No",2
765,"Wiper Blades","Minor Service",10418,"No",2
766,"Engine Air Filter","Minor Service",17984,"No",1
767,"Wiper Blades","Minor Service",16689,"Yes",3
768,"Coolant Flush","Major Service",114484,"No",1
769,"Thermostat","Diagnostic",83155,"Yes",4
770,"Cabin Air Filter","Minor Service",21233,"No",2
771,"Alternator","Diagnostic",155438,"Yes",4
772,"Brake Pads & Discs","Minor Service",30993,"Yes",3
773,"Brake Pads & Discs","Minor Service",26622,"No",1
774,"Drive/Serpentine Belt","Major Service",79356,"Yes",3
775,"Spark Plugs","Major Service",63623,"Yes",5
776,"Engine Oil & Filter","Minor Service",11098,"No",2
777,"Engine Oil & Filter","Minor Service",9174,"No",2
778,"Drive/Serpentine Belt","Major Service",72023,"Yes",5
779,"Spark Plugs","Major Service",71293,"Yes",3
780,"Engine Air Filter","Minor Service",21847,"No",2
781,"Engine Oil & Filter","Minor Service",10313,"No",1
782,"Engine Air Filter","Minor Service",21445,"No",1
783,"Engine Oil & Filter","Minor Service",10466,"No",2
784,"Engine Oil & Filter","Minor Service",12087,"No",2
785,"Engine Air Filter","Minor Service",20662,"Yes",3
786,"Brake Pads & Discs","Minor Service",30919,"Yes",3
787,"Shocks & Struts","Major Service",100976,"No",2
788,"Fuel Pump","Diagnostic",119918,"Yes",3
789,"Spark Plugs","Major Service",73036,"No",1
790,"Engine Air Filter","Minor Service",23089,"No",1
791,"Engine Oil & Filter","Minor Service",10233,"No",1
792,"Oxygen (O2) Sensor","Diagnostic",102379,"Yes",3
793,"Engine Oil & Filter","Minor Service",11995,"No",1
794,"Brake Pads & Discs","Minor Service",28718,"No",2
795,"Wiper Blades","Minor Service",10190,"Yes",4
796,"Brake Pads & Discs","Minor Service",39068,"Yes",3
797,"Wiper Blades","Minor Service",18940,"No",1
798,"Brake Pads & Discs","Minor Service",35197,"Yes",3
799,"Drive/Serpentine Belt","Major Service",64979,"Yes",5
800,"Transmission Fluid","Major Service",81029,"No",2
801,"Engine Air Filter","Minor Service",23565,"No",1
802,"Engine Oil & Filter","Minor Service",11639,"No",1
803,"Brake Pads & Discs","Minor Service",34435,"No",1
804,"Transmission Fluid","Major Service",83833,"Yes",4
805,"Engine Oil & Filter","Minor Service",7607,"No",2
806,"Wiper Blades","Minor Service",23765,"Yes",3
807,"Engine Oil & Filter","Minor Service",10714,"No",1
808,"Wiper Blades","Minor Service",14213,"Yes",3
809,"Engine Air Filter","Minor Service",11148,"No",2
810,"Engine Oil & Filter","Minor Service",11802,"No",1
811,"Brake Pads & Discs","Minor Service",40235,"Yes",5
812,"Cabin Air Filter","Minor Service",18165,"Yes",3
813,"Engine Oil & Filter","Minor Service",8777,"No",1
814,"Cabin Air Filter","Minor Service",23812,"No",1
815,"Transmission Fluid","Major Service",62740,"No",1
816,"Alternator","Diagnostic",122370,"Yes",3
817,"Engine Oil & Filter","Minor Service",9320,"No",1
818,"Wiper Blades","Minor Service",22548,"Yes",4
819,"Thermostat","Diagnostic",104463,"Yes",3
820,"Thermostat","Diagnostic",109253,"Yes",4
821,"Engine Oil & Filter","Minor Service",10420,"No",1
822,"Engine Oil & Filter","Minor Service",13381,"No",1
823,"Engine Air Filter","Minor Service",18686,"Yes",5
824,"Spark Plugs","Major Service",58120,"Yes",5
825,"Coolant Flush","Major Service",107756,"No",1
826,"Wiper Blades","Minor Service",18378,"Yes",4
827,"Brake Pads & Discs","Minor Service",41095,"Yes",3
828,"Brake Pads & Discs","Minor Service",29031,"Yes",3
829,"Engine Air Filter","Minor Service",23351,"No",2
830,"Engine Oil & Filter","Minor Service",6191,"No",1
831,"Wiper Blades","Minor Service",14268,"No",2
832,"Oxygen (O2) Sensor","Diagnostic",100911,"Yes",5
833,"Spark Plugs","Major Service",57990,"No",1
834,"Transmission Fluid","Major Service",82636,"Yes",3
835,"Coolant Flush","Major Service",107055,"No",1
836,"Cabin Air Filter","Minor Service",26880,"No",2
837,"Transmission Fluid","Major Service",85538,"No",2
838,"Engine Air Filter","Minor Service",24202,"No",2
839,"Wiper Blades","Minor Service",20195,"No",1
840,"Cabin Air Filter","Minor Service",15881,"No",2
841,"Shocks & Struts","Major Service",91621,"Yes",5
842,"Cabin Air Filter","Minor Service",18435,"Yes",4
843,"Coolant Flush","Major Service",105134,"No",2
844,"Engine Air Filter","Minor Service",23117,"No",2
845,"Shocks & Struts","Major Service",91133,"Yes",5
846,"Drive/Serpentine Belt","Major Service",74453,"Yes",4
847,"Transmission Fluid","Major Service",82906,"Yes",5
848,"Cabin Air Filter","Minor Service",16127,"Yes",3
849,"Wiper Blades","Minor Service",20426,"No",1
850,"Engine Oil & Filter","Minor Service",10506,"No",1
851,"Thermostat","Diagnostic",84562,"Yes",5
852,"Engine Oil & Filter","Minor Service",11473,"No",2
853,"Brake Pads & Discs","Minor Service",32328,"No",2
854,"Engine Air Filter","Minor Service",23050,"Yes",3
855,"Engine Oil & Filter","Minor Service",9160,"No",1
856,"Engine Oil & Filter","Minor Service",9723,"No",1
857,"Engine Oil & Filter","Minor Service",9939,"No",1
858,"Engine Air Filter","Minor Service",16011,"No",2
859,"Wiper Blades","Minor Service",15726,"Yes",4
860,"Engine Air Filter","Minor Service",20821,"No",2
861,"Spark Plugs","Major Service",58089,"Yes",5
862,"Transmission Fluid","Major Service",84287,"Yes",4
863,"Wiper Blades","Minor Service",14249,"No",1
864,"Coolant Flush","Major Service",122214,"No",2
865,"Engine Air Filter","Minor Service",20892,"No",2
866,"Engine Air Filter","Minor Service",14845,"No",1
867,"Brake Pads & Discs","Minor Service",39200,"No",1
868,"Transmission Fluid","Major Service",98009,"Yes",3
869,"Engine Air Filter","Minor Service",19843,"No",2
870,"Wiper Blades","Minor Service",15560,"No",1
871,"Wiper Blades","Minor Service",9931,"Yes",4
872,"Engine Air Filter","Minor Service",18513,"No",2
873,"Wiper Blades","Minor Service",14543,"No",1
874,"Engine Air Filter","Minor Service",16747,"No",1
875,"Mass Airflow Sensor","Diagnostic",86563,"No",2
876,"Cabin Air Filter","Minor Service",20001,"No",1
877,"Engine Oil & Filter","Minor Service",9608,"No",2
878,"Brake Pads & Discs","Minor Service",29813,"Yes",3
879,"Engine Air Filter","Minor Service",25127,"Yes",5
880,"Thermostat","Diagnostic",113757,"Yes",3
881,"Engine Oil & Filter","Minor Service",9432,"No",2
882,"Brake Pads & Discs","Minor Service",40207,"No",1
883,"Engine Air Filter","Minor Service",20031,"Yes",3
884,"Alternator","Diagnostic",143471,"Yes",3
885,"Cabin Air Filter","Minor Service",23015,"No",2
886,"Wiper Blades","Minor Service",19740,"No",2
887,"Engine Air Filter","Minor Service",20842,"No",2
888,"Wiper Blades","Minor Service",20159,"No",1
889,"Mass Airflow Sensor","Diagnostic",137349,"Yes",5
890,"Drive/Serpentine Belt","Major Service",64948,"No",1
891,"Oxygen (O2) Sensor","Diagnostic",128425,"Yes",5
892,"Brake Pads & Discs","Minor Service",41444,"Yes",3
893,"Mass Airflow Sensor","Diagnostic",94411,"Yes",5
894,"Transmission Fluid","Major Service",75078,"No",2
895,"Engine Air Filter","Minor Service",19135,"No",1
896,"Brake Pads & Discs","Minor Service",38647,"Yes",4
897,"Brake Pads & Discs","Minor Service",40886,"Yes",4
898,"Cabin Air Filter","Minor Service",23733,"No",1
899,"Cabin Air Filter","Minor Service",25021,"Yes",3
900,"Wiper Blades","Minor Service",20507,"No",1
901,"Engine Air Filter","Minor Service",21553,"Yes",4
902,"Cabin Air Filter","Minor Service",20355,"No",1
903,"Engine Oil & Filter","Minor Service",11771,"No",1
904,"Thermostat","Diagnostic",125244,"Yes",3
905,"Brake Pads & Discs","Minor Service",32621,"No",2
906,"Spark Plugs","Major Service",65638,"No",2
907,"Engine Air Filter","Minor Service",21843,"No",1
908,"Engine Oil & Filter","Minor Service",10155,"Yes",4
909,"Engine Air Filter","Minor Service",20725,"No",1
910,"Engine Oil & Filter","Minor Service",8130,"No",1
911,"Drive/Serpentine Belt","Major Service",57978,"Yes",3
912,"Engine Air Filter","Minor Service",19460,"No",2
913,"Wiper Blades","Minor Service",21931,"No",1
914,"Coolant Flush","Major Service",82834,"Yes",4
915,"Engine Oil & Filter","Minor Service",7436,"No",1
916,"Engine Oil & Filter","Minor Service",6850,"No",2
917,"Engine Air Filter","Minor Service",19881,"No",1
918,"Spark Plugs","Major Service",48445,"Yes",4
919,"Cabin Air Filter","Minor Service",21395,"No",2
920,"Wiper Blades","Minor Service",10978,"No",2
921,"Wiper Blades","Minor Service",17589,"Yes",4
922,"Cabin Air Filter","Minor Service",18435,"No",1
923,"Engine Oil & Filter","Minor Service",7389,"No",1
924,"Cabin Air Filter","Minor Service",18353,"No",1
925,"Engine Oil & Filter","Minor Service",12363,"No",2
926,"Wiper Blades","Minor Service",21508,"No",1
927,"Wiper Blades","Minor Service",12313,"No",1
928,"Wiper Blades","Minor Service",10962,"No",2
929,"Oxygen (O2) Sensor","Diagnostic",102301,"Yes",5
930,"Shocks & Struts","Major Service",109795,"Yes",4
931,"Engine Oil & Filter","Minor Service",8082,"No",1
932,"Engine Oil & Filter","Minor Service",6581,"No",2
933,"Wiper Blades","Minor Service",12111,"Yes",3
934,"Cabin Air Filter","Minor Service",24829,"No",2
935,"Engine Air Filter","Minor Service",24046,"Yes",5
936,"Drive/Serpentine Belt","Major Service",70802,"Yes",3
937,"Engine Oil & Filter","Minor Service",9088,"No",2
938,"Engine Air Filter","Minor Service",15060,"No",2
939,"Brake Pads & Discs","Minor Service",31179,"No",2
940,"Cabin Air Filter","Minor Service",20038,"No",1
941,"Engine Air Filter","Minor Service",22700,"Yes",5
942,"Engine Air Filter","Minor Service",14797,"No",1
943,"Spark Plugs","Major Service",60568,"Yes",5
944,"Brake Pads & Discs","Minor Service",35128,"No",2
945,"Oxygen (O2) Sensor","Diagnostic",109400,"Yes",4
946,"Engine Oil & Filter","Minor Service",9913,"No",1
947,"Coolant Flush","Major Service",91370,"No",2
948,"Engine Oil & Filter","Minor Service",10600,"No",1
949,"Spark Plugs","Major Service",59405,"No",1
950,"Brake Pads & Discs","Minor Service",32664,"No",1
951,"Brake Pads & Discs","Minor Service",33931,"No",1
952,"Cabin Air Filter","Minor Service",19982,"No",2
953,"Transmission Fluid","Major Service",90969,"No",2
954,"Brake Pads & Discs","Minor Service",37794,"No",2
955,"Engine Oil & Filter","Minor Service",10756,"No",1
956,"Cabin Air Filter","Minor Service",17270,"No",1
957,"Wiper Blades","Minor Service",20923,"No",1
958,"Cabin Air Filter","Minor Service",20696,"No",2
959,"Transmission Fluid","Major Service",88341,"No",2
960,"Spark Plugs","Major Service",50157,"No",1
961,"Transmission Fluid","Major Service",68234,"No",2
962,"Engine Air Filter","Minor Service",19406,"Yes",4
963,"Engine Air Filter","Minor Service",12537,"No",2
964,"Brake Pads & Discs","Minor Service",38103,"Yes",3
965,"Brake Pads & Discs","Minor Service",41381,"No",2
966,"Wiper Blades","Minor Service",15885,"Yes",3
967,"Engine Air Filter","Minor Service",23435,"No",1
968,"Wiper Blades","Minor Service",12254,"Yes",3
969,"Wiper Blades","Minor Service",11687,"No",1
970,"Engine Oil & Filter","Minor Service",10326,"No",2
971,"Brake Pads & Discs","Minor Service",35550,"Yes",5
972,"Brake Pads & Discs","Minor Service",33416,"No",2
973,"Engine Air Filter","Minor Service",19180,"Yes",5
974,"Engine Oil & Filter","Minor Service",10001,"No",1
975,"Cabin Air Filter","Minor Service",17969,"No",2
976,"Engine Air Filter","Minor Service",24705,"Yes",3
977,"Engine Oil & Filter","Minor Service",9109,"Yes",4
978,"Spark Plugs","Major Service",47773,"No",1
979,"Brake Pads & Discs","Minor Service",25261,"Yes",4
980,"Brake Pads & Discs","Minor Service",40735,"No",1
981,"Engine Air Filter","Minor Service",20550,"No",1
982,"Engine Air Filter","Minor Service",20253,"No",2
983,"Transmission Fluid","Major Service",87009,"No",2
984,"Wiper Blades","Minor Service",18904,"No",1
985,"Coolant Flush","Major Service",106197,"Yes",3
986,"Brake Pads & Discs","Minor Service",33885,"No",2
987,"Engine Oil & Filter","Minor Service",7835,"No",2
988,"Engine Air Filter","Minor Service",19887,"No",1
989,"Brake Pads & Discs","Minor Service",27230,"Yes",4
990,"Engine Oil & Filter","Minor Service",8385,"No",2
991,"Wiper Blades","Minor Service",13415,"Yes",5
992,"Engine Oil & Filter","Minor Service",7970,"No",2
993,"Cabin Air Filter","Minor Service",17356,"No",1
994,"Cabin Air Filter","Minor Service",21853,"Yes",3
995,"Cabin Air Filter","Minor Service",19251,"No",2
996,"Wiper Blades","Minor Service",14168,"No",1
997,"Alternator","Diagnostic",115347,"Yes",3
998,"Spark Plugs","Major Service",60444,"No",2
999,"Engine Air Filter","Minor Service",21575,"No",2
1000,"Engine Oil & Filter","Minor Service",8608,"No",1
1001,"Cabin Air Filter","Minor Service",21785,"No",2
1002,"Cabin Air Filter","Minor Service",25292,"No",1
1003,"Engine Air Filter","Minor Service",20457,"No",2
1004,"Wiper Blades","Minor Service",18833,"No",2
1005,"Engine Oil & Filter","Minor Service",7607,"No",1
1006,"Brake Pads & Discs","Minor Service",29930,"No",1
1007,"Engine Air Filter","Minor Service",14132,"No",1
1008,"Engine Air Filter","Minor Service",22029,"No",1
1009,"Engine Air Filter","Minor Service",21271,"Yes",4
1010,"Engine Air Filter","Minor Service",17941,"No",1
1011,"Coolant Flush","Major Service",112795,"No",2
1012,"Engine Oil & Filter","Minor Service",8843,"No",1
1013,"Cabin Air Filter","Minor Service",18378,"No",2
1014,"Brake Pads & Discs","Minor Service",41271,"Yes",5
1015,"Wiper Blades","Minor Service",17152,"Yes",3
1016,"Alternator","Diagnostic",137798,"Yes",3
1017,"Engine Air Filter","Minor Service",22826,"Yes",4
1018,"Engine Air Filter","Minor Service",26995,"No",2
1019,"Transmission Fluid","Major Service",72351,"No",2
1020,"Brake Pads & Discs","Minor Service",42893,"Yes",5
1021,"Brake Pads & Discs","Minor Service",36447,"Yes",3
1022,"Thermostat","Diagnostic",111925,"Yes",4
1023,"Drive/Serpentine Belt","Major Service",80993,"No",1
1024,"Brake Pads & Discs","Minor Service",35086,"No",2
1025,"Wiper Blades","Minor Service",14366,"No",1
1026,"Cabin Air Filter","Minor Service",21778,"No",2
1027,"Brake Pads & Discs","Minor Service",42352,"No",1
1028,"Shocks & Struts","Major Service",105488,"Yes",5
1029,"Cabin Air Filter","Minor Service",28299,"No",2
1030,"Brake Pads & Discs","Minor Service",31347,"Yes",4
1031,"Engine Oil & Filter","Minor Service",10228,"No",1
1032,"Engine Oil & Filter","Minor Service",5594,"Yes",5
1033,"Brake Pads & Discs","Minor Service",36873,"No",2
1034,"Cabin Air Filter","Minor Service",19589,"No",1
1035,"Cabin Air Filter","Minor Service",20257,"Yes",4
1036,"Wiper Blades","Minor Service",19110,"Yes",3
1037,"Engine Oil & Filter","Minor Service",13018,"No",2
1038,"Engine Air Filter","Minor Service",17791,"No",2
1039,"Shocks & Struts","Major Service",96060,"Yes",3
1040,"Wiper Blades","Minor Service",17416,"Yes",4
1041,"Wiper Blades","Minor Service",21625,"Yes",5
1042,"Cabin Air Filter","Minor Service",21129,"Yes",4
1043,"Engine Air Filter","Minor Service",16510,"No",2
1044,"Engine Air Filter","Minor Service",17375,"No",1
1045,"Brake Pads & Discs","Minor Service",31129,"Yes",3
1046,"Spark Plugs","Major Service",52983,"No",2
1047,"Cabin Air Filter","Minor Service",20764,"Yes",4
1048,"Cabin Air Filter","Minor Service",15771,"No",2
1049,"Engine Oil & Filter","Minor Service",8929,"No",1
1050,"Shocks & Struts","Major Service",84090,"No",2
1051,"Brake Pads & Discs","Minor Service",24331,"No",1
1052,"Brake Pads & Discs","Minor Service",45243,"Yes",5
1053,"Coolant Flush","Major Service",116196,"No",1
1054,"Wiper Blades","Minor Service",11845,"No",1
1055,"Spark Plugs","Major Service",63244,"No",2
1056,"Fuel Pump","Diagnostic",130081,"Yes",4
1057,"Engine Oil & Filter","Minor Service",8472,"No",2
1058,"Spark Plugs","Major Service",76076,"No",1
1059,"Oxygen (O2) Sensor","Diagnostic",156443,"Yes",5
1060,"Wiper Blades","Minor Service",12484,"No",1
1061,"Drive/Serpentine Belt","Major Service",72639,"Yes",5
1062,"Engine Oil & Filter","Minor Service",10009,"No",2
1063,"Cabin Air Filter","Minor Service",22720,"No",1
1064,"Wiper Blades","Minor Service",15007,"No",1
1065,"Spark Plugs","Major Service",60861,"No",2
1066,"Engine Oil & Filter","Minor Service",14603,"No",2
1067,"Coolant Flush","Major Service",112138,"No",1
1068,"Engine Oil & Filter","Minor Service",9045,"No",2
1069,"Wiper Blades","Minor Service",13453,"No",1
1070,"Brake Pads & Discs","Minor Service",33676,"Yes",3
1071,"Engine Oil & Filter","Minor Service",11965,"No",1
1072,"Engine Oil & Filter","Minor Service",10838,"No",1
1073,"Drive/Serpentine Belt","Major Service",52084,"Yes",4
1074,"Spark Plugs","Major Service",58935,"No",1
1075,"Cabin Air Filter","Minor Service",16669,"No",1
1076,"Brake Pads & Discs","Minor Service",31518,"No",2
1077,"Cabin Air Filter","Minor Service",22060,"No",1
1078,"Engine Air Filter","Minor Service",19928,"Yes",3
1079,"Engine Oil & Filter","Minor Service",10842,"No",2
1080,"Spark Plugs","Major Service",46162,"No",2
1081,"Mass Airflow Sensor","Diagnostic",114291,"Yes",4
1082,"Engine Oil & Filter","Minor Service",9814,"No",2
1083,"Wiper Blades","Minor Service",13760,"No",1
1084,"Cabin Air Filter","Minor Service",15508,"Yes",5
1085,"Engine Air Filter","Minor Service",19828,"No",2
1086,"Brake Pads & Discs","Minor Service",49714,"Yes",4
1087,"Engine Oil & Filter","Minor Service",6211,"Yes",5
1088,"Engine Oil & Filter","Minor Service",10886,"No",2
1089,"Brake Pads & Discs","Minor Service",40229,"Yes",4
1090,"Oxygen (O2) Sensor","Diagnostic",158264,"Yes",3
1091,"Wiper Blades","Minor Service",18648,"No",1
1092,"Drive/Serpentine Belt","Major Service",70593,"Yes",3
1093,"Engine Oil & Filter","Minor Service",13579,"No",1
1094,"Brake Pads & Discs","Minor Service",32998,"No",2
1095,"Shocks & Struts","Major Service",86981,"No",2
1096,"Shocks & Struts","Major Service",98177,"Yes",4
1097,"Engine Oil & Filter","Minor Service",5545,"No",2
1098,"Engine Air Filter","Minor Service",22907,"Yes",3
1099,"Cabin Air Filter","Minor Service",18980,"Yes",5
1100,"Drive/Serpentine Belt","Major Service",73410,"Yes",3
1101,"Coolant Flush","Major Service",81683,"No",2
1102,"Spark Plugs","Major Service",59652,"Yes",3
1103,"Shocks & Struts","Major Service",110632,"Yes",3
1104,"Cabin Air Filter","Minor Service",21184,"Yes",4
1105,"Engine Oil & Filter","Minor Service",10454,"No",1
1106,"Engine Oil & Filter","Minor Service",5150,"No",2
1107,"Coolant Flush","Major Service",96558,"No",2
1108,"Transmission Fluid","Major Service",85713,"Yes",4
1109,"Cabin Air Filter","Minor Service",15966,"No",2
1110,"Shocks & Struts","Major Service",75730,"Yes",4
1111,"Engine Oil & Filter","Minor Service",9787,"No",1
1112,"Brake Pads & Discs","Minor Service",29291,"No",1
1113,"Drive/Serpentine Belt","Major Service",76633,"Yes",5
1114,"Engine Air Filter","Minor Service",22472,"No",2
1115,"Wiper Blades","Minor Service",13543,"No",2
1116,"Cabin Air Filter","Minor Service",22492,"No",2
1117,"Brake Pads & Discs","Minor Service",37905,"Yes",4
1118,"Mass Airflow Sensor","Diagnostic",136320,"Yes",3
1119,"Engine Oil & Filter","Minor Service",9565,"No",2
1120,"Engine Air Filter","Minor Service",18834,"No",1
1121,"Cabin Air Filter","Minor Service",25805,"Yes",3
1122,"Oxygen (O2) Sensor","Diagnostic",121572,"Yes",3
1123,"Cabin Air Filter","Minor Service",18926,"No",1
1124,"Engine Oil & Filter","Minor Service",14166,"Yes",5
1125,"Engine Air Filter","Minor Service",20664,"Yes",3
1126,"Alternator","Diagnostic",154091,"Yes",5
1127,"Transmission Fluid","Major Service",109722,"No",2
1128,"Drive/Serpentine Belt","Major Service",55429,"Yes",4
1129,"Cabin Air Filter","Minor Service",22556,"Yes",3
1130,"Wiper Blades","Minor Service",13131,"No",1
1131,"Brake Pads & Discs","Minor Service",35019,"Yes",5
1132,"Spark Plugs","Major Service",51334,"Yes",4
1133,"Shocks & Struts","Major Service",109591,"Yes",4
1134,"Engine Oil & Filter","Minor Service",7028,"No",1
1135,"Drive/Serpentine Belt","Major Service",61193,"No",1
1136,"Wiper Blades","Minor Service",20921,"Yes",4
1137,"Spark Plugs","Major Service",70405,"Yes",3
1138,"Engine Air Filter","Minor Service",15478,"No",1
1139,"Engine Oil & Filter","Minor Service",11042,"No",1
1140,"Shocks & Struts","Major Service",109802,"Yes",3
1141,"Engine Oil & Filter","Minor Service",9108,"No",1
1142,"Spark Plugs","Major Service",54984,"Yes",3
1143,"Cabin Air Filter","Minor Service",21910,"Yes",4
1144,"Spark Plugs","Major Service",56500,"No",1
1145,"Engine Oil & Filter","Minor Service",16373,"No",2
1146,"Drive/Serpentine Belt","Major Service",45677,"Yes",3
1147,"Thermostat","Diagnostic",82136,"Yes",5
1148,"Brake Pads & Discs","Minor Service",35330,"No",2
1149,"Engine Air Filter","Minor Service",17609,"No",2
1150,"Transmission Fluid","Major Service",83802,"Yes",5
1151,"Wiper Blades","Minor Service",18570,"Yes",3
1152,"Cabin Air Filter","Minor Service",21593,"No",1
1153,"Engine Oil & Filter","Minor Service",11100,"No",1
1154,"Engine Oil & Filter","Minor Service",11909,"Yes",3
1155,"Engine Oil & Filter","Minor Service",9483,"No",1
1156,"Wiper Blades","Minor Service",9511,"No",2
1157,"Engine Oil & Filter","Minor Service",12470,"No",1
1158,"Transmission Fluid","Major Service",68094,"No",1
1159,"Cabin Air Filter","Minor Service",17078,"No",1
1160,"Transmission Fluid","Major Service",77447,"No",2
1161,"Thermostat","Diagnostic",72074,"Yes",4
1162,"Thermostat","Diagnostic",114719,"Yes",3
1163,"Shocks & Struts","Major Service",107576,"Yes",4
1164,"Cabin Air Filter","Minor Service",21337,"No",1
1165,"Wiper Blades","Minor Service",17042,"Yes",3
1166,"Brake Pads & Discs","Minor Service",41897,"No",1
1167,"Spark Plugs","Major Service",50938,"No",2
1168,"Brake Pads & Discs","Minor Service",29425,"Yes",5
1169,"Drive/Serpentine Belt","Major Service",63045,"Yes",4
1170,"Engine Oil & Filter","Minor Service",10657,"Yes",4
1171,"Brake Pads & Discs","Minor Service",36046,"No",2
1172,"Drive/Serpentine Belt","Major Service",91613,"Yes",5
1173,"Shocks & Struts","Major Service",92987,"Yes",5
1174,"Mass Airflow Sensor","Diagnostic",123213,"Yes",3
1175,"Transmission Fluid","Major Service",61531,"No",1
1176,"Brake Pads & Discs","Minor Service",30239,"No",1
1177,"Wiper Blades","Minor Service",18992,"No",1
1178,"Wiper Blades","Minor Service",11997,"No",2
1179,"Engine Oil & Filter","Minor Service",7553,"No",1
1180,"Brake Pads & Discs","Minor Service",37764,"Yes",5
1181,"Wiper Blades","Minor Service",11580,"No",2
1182,"Brake Pads & Discs","Minor Service",37908,"Yes",4
1183,"Engine Oil & Filter","Minor Service",10322,"No",2
1184,"Engine Oil & Filter","Minor Service",8366,"No",1
1185,"Spark Plugs","Major Service",52217,"Yes",5
1186,"Thermostat","Diagnostic",110349,"Yes",4
1187,"Engine Oil & Filter","Minor Service",11455,"No",1
1188,"Engine Air Filter","Minor Service",19732,"Yes",3
1189,"Spark Plugs","Major Service",66024,"Yes",4
1190,"Wiper Blades","Minor Service",17381,"Yes",4
1191,"Shocks & Struts","Major Service",89553,"Yes",5
1192,"Wiper Blades","Minor Service",10960,"No",2
1193,"Wiper Blades","Minor Service",15373,"No",2
1194,"Brake Pads & Discs","Minor Service",31858,"No",1
1195,"Engine Air Filter","Minor Service",14909,"No",2
1196,"Cabin Air Filter","Minor Service",18415,"No",2
1197,"Transmission Fluid","Major Service",80051,"No",2
1198,"Wiper Blades","Minor Service",14045,"No",1
1199,"Spark Plugs","Major Service",44917,"No",1
1200,"Wiper Blades","Minor Service",13593,"No",2
1201,"Engine Oil & Filter","Minor Service",9811,"Yes",3
1202,"Cabin Air Filter","Minor Service",13000,"No",2
1203,"Brake Pads & Discs","Minor Service",36187,"Yes",5
1204,"Shocks & Struts","Major Service",66898,"Yes",3
1205,"Engine Oil & Filter","Minor Service",10402,"No",2
1206,"Wiper Blades","Minor Service",19169,"No",1
1207,"Engine Air Filter","Minor Service",17421,"Yes",4
1208,"Shocks & Struts","Major Service",81813,"Yes",5
1209,"Engine Oil & Filter","Minor Service",12881,"No",2
1210,"Wiper Blades","Minor Service",15990,"No",1
1211,"Spark Plugs","Major Service",71359,"Yes",4
1212,"Engine Oil & Filter","Minor Service",9718,"No",2
1213,"Engine Oil & Filter","Minor Service",10084,"No",2
1214,"Brake Pads & Discs","Minor Service",33979,"No",1
1215,"Engine Air Filter","Minor Service",20418,"No",2
1216,"Cabin Air Filter","Minor Service",18940,"No",2
1217,"Wiper Blades","Minor Service",7889,"No",2
1218,"Engine Oil & Filter","Minor Service",11226,"No",2
1219,"Engine Air Filter","Minor Service",18210,"No",2
1220,"Transmission Fluid","Major Service",81002,"No",2
1221,"Wiper Blades","Minor Service",9803,"No",2
1222,"Engine Air Filter","Minor Service",17427,"No",2
1223,"Engine Air Filter","Minor Service",19767,"No",1
1224,"Cabin Air Filter","Minor Service",17556,"No",1
1225,"Mass Airflow Sensor","Diagnostic",90607,"Yes",3
1226,"Engine Oil & Filter","Minor Service",6481,"No",1
1227,"Cabin Air Filter","Minor Service",25117,"Yes",5
1228,"Brake Pads & Discs","Minor Service",31251,"No",1
1229,"Engine Oil & Filter","Minor Service",8264,"No",1
1230,"Engine Air Filter","Minor Service",22255,"No",2
1231,"Wiper Blades","Minor Service",9641,"No",1
1232,"Engine Air Filter","Minor Service",19840,"No",1
1233,"Wiper Blades","Minor Service",17269,"Yes",5
1234,"Engine Oil & Filter","Minor Service",11424,"Yes",5
1235,"Cabin Air Filter","Minor Service",20683,"No",1
1236,"Engine Air Filter","Minor Service",17722,"No",2
1237,"Engine Air Filter","Minor Service",25267,"No",1
1238,"Brake Pads & Discs","Minor Service",30003,"No",1
1239,"Cabin Air Filter","Minor Service",21213,"No",2
1240,"Alternator","Diagnostic",103638,"Yes",4
1241,"Brake Pads & Discs","Minor Service",33825,"No",1
1242,"Wiper Blades","Minor Service",15721,"Yes",4
1243,"Cabin Air Filter","Minor Service",15024,"No",2
1244,"Coolant Flush","Major Service",63741,"No",2
1245,"Cabin Air Filter","Minor Service",17951,"No",1
1246,"Engine Oil & Filter","Minor Service",8224,"No",2
1247,"Cabin Air Filter","Minor Service",22284,"Yes",5
1248,"Shocks & Struts","Major Service",83521,"Yes",5
1249,"Wiper Blades","Minor Service",13635,"Yes",4
1250,"Engine Oil & Filter","Minor Service",11578,"Yes",5
1251,"Oxygen (O2) Sensor","Diagnostic",107282,"Yes",3
1252,"Engine Air Filter","Minor Service",15787,"No",1
1253,"Cabin Air Filter","Minor Service",19976,"No",2
1254,"Engine Air Filter","Minor Service",20404,"No",1
1255,"Engine Air Filter","Minor Service",24882,"Yes",5
1256,"Shocks & Struts","Major Service",74253,"Yes",5
1257,"Spark Plugs","Major Service",63776,"No",1
1258,"Drive/Serpentine Belt","Major Service",76230,"No",1
1259,"Cabin Air Filter","Minor Service",23875,"No",1
1260,"Brake Pads & Discs","Minor Service",33936,"No",2
1261,"Wiper Blades","Minor Service",16574,"No",2
1262,"Engine Oil & Filter","Minor Service",10363,"No",1
1263,"Cabin Air Filter","Minor Service",17410,"No",2
1264,"Engine Air Filter","Minor Service",20912,"Yes",4
1265,"Brake Pads & Discs","Minor Service",37524,"Yes",5
1266,"Cabin Air Filter","Minor Service",17846,"No",1
1267,"Thermostat","Diagnostic",108887,"Yes",5
1268,"Wiper Blades","Minor Service",8172,"Yes",5
1269,"Wiper Blades","Minor Service",14337,"Yes",5
1270,"Spark Plugs","Major Service",68832,"No",1
1271,"Wiper Blades","Minor Service",15484,"No",2
1272,"Cabin Air Filter","Minor Service",16670,"No",2
1273,"Engine Oil & Filter","Minor Service",10454,"No",2
1274,"Wiper Blades","Minor Service",14589,"No",1
1275,"Cabin Air Filter","Minor Service",21437,"No",2
1276,"Engine Oil & Filter","Minor Service",10493,"No",1
1277,"Engine Oil & Filter","Minor Service",9263,"No",1
1278,"Cabin Air Filter","Minor Service",22746,"Yes",3
1279,"Mass Airflow Sensor","Diagnostic",136443,"Yes",4
1280,"Transmission Fluid","Major Service",87939,"Yes",5
1281,"Engine Air Filter","Minor Service",25319,"No",1
1282,"Brake Pads & Discs","Minor Service",29269,"No",1
1283,"Engine Oil & Filter","Minor Service",15020,"No",1
1284,"Engine Oil & Filter","Minor Service",11659,"No",2
1285,"Engine Oil & Filter","Minor Service",12441,"No",1
1286,"Cabin Air Filter","Minor Service",19780,"Yes",5
1287,"Cabin Air Filter","Minor Service",26738,"Yes",5
1288,"Spark Plugs","Major Service",74267,"Yes",4
1289,"Spark Plugs","Major Service",79451,"Yes",5
1290,"Cabin Air Filter","Minor Service",17713,"No",2
1291,"Engine Oil & Filter","Minor Service",5846,"No",2
1292,"Transmission Fluid","Major Service",87329,"No",1
1293,"Engine Air Filter","Minor Service",19691,"No",2
1294,"Engine Air Filter","Minor Service",13792,"No",2
1295,"Engine Oil & Filter","Minor Service",6132,"Yes",3
1296,"Wiper Blades","Minor Service",10472,"No",1
1297,"Drive/Serpentine Belt","Major Service",61481,"Yes",4
1298,"Engine Oil & Filter","Minor Service",10468,"No",2
1299,"Fuel Pump","Diagnostic",158870,"Yes",3
1300,"Cabin Air Filter","Minor Service",20765,"No",2
1301,"Cabin Air Filter","Minor Service",19725,"No",2
1302,"Wiper Blades","Minor Service",17602,"Yes",3
1303,"Engine Air Filter","Minor Service",14794,"No",1
1304,"Cabin Air Filter","Minor Service",22810,"No",1
1305,"Thermostat","Diagnostic",119277,"Yes",4
1306,"Engine Air Filter","Minor Service",17568,"No",2
1307,"Wiper Blades","Minor Service",20207,"Yes",5
1308,"Transmission Fluid","Major Service",88442,"No",2
1309,"Cabin Air Filter","Minor Service",14945,"No",2
1310,"Engine Oil & Filter","Minor Service",9775,"No",2
1311,"Brake Pads & Discs","Minor Service",44945,"No",1
1312,"Spark Plugs","Major Service",67553,"Yes",4
1313,"Cabin Air Filter","Minor Service",22775,"No",2
1314,"Engine Air Filter","Minor Service",20376,"Yes",3
1315,"Engine Oil & Filter","Minor Service",11436,"No",2
1316,"Engine Oil & Filter","Minor Service",9364,"No",1
1317,"Engine Oil & Filter","Minor Service",11055,"No",2
1318,"Engine Oil & Filter","Minor Service",13599,"No",1
1319,"Shocks & Struts","Major Service",92067,"Yes",3
1320,"Engine Air Filter","Minor Service",9993,"No",1
1321,"Engine Air Filter","Minor Service",15725,"No",2
1322,"Engine Oil & Filter","Minor Service",9312,"No",1
1323,"Oxygen (O2) Sensor","Diagnostic",129017,"Yes",5
1324,"Transmission Fluid","Major Service",84878,"Yes",3
1325,"Cabin Air Filter","Minor Service",22230,"Yes",5
1326,"Oxygen (O2) Sensor","Diagnostic",122899,"Yes",4
1327,"Engine Oil & Filter","Minor Service",7415,"Yes",3
1328,"Engine Air Filter","Minor Service",16788,"No",2
1329,"Engine Oil & Filter","Minor Service",9944,"No",2
1330,"Engine Air Filter","Minor Service",15240,"No",2
1331,"Engine Oil & Filter","Minor Service",8706,"No",1
1332,"Wiper Blades","Minor Service",11304,"No",2
1333,"Wiper Blades","Minor Service",17936,"No",1
1334,"Oxygen (O2) Sensor","Diagnostic",129947,"Yes",3
1335,"Brake Pads & Discs","Minor Service",41152,"No",1
1336,"Engine Oil & Filter","Minor Service",12143,"No",2
1337,"Engine Air Filter","Minor Service",24995,"No",1
1338,"Engine Oil & Filter","Minor Service",9181,"No",2
1339,"Brake Pads & Discs","Minor Service",28387,"Yes",5
1340,"Cabin Air Filter","Minor Service",19930,"Yes",4
1341,"Coolant Flush","Major Service",121726,"No",2
1342,"Engine Air Filter","Minor Service",22029,"No",2
1343,"Engine Air Filter","Minor Service",17441,"No",1
1344,"Cabin Air Filter","Minor Service",16935,"No",2
1345,"Wiper Blades","Minor Service",19440,"No",1
1346,"Spark Plugs","Major Service",41805,"Yes",5
1347,"Brake Pads & Discs","Minor Service",30806,"Yes",4
1348,"Wiper Blades","Minor Service",16113,"No",2
1349,"Drive/Serpentine Belt","Major Service",64450,"Yes",3
1350,"Wiper Blades","Minor Service",17547,"No",1
1351,"Wiper Blades","Minor Service",17821,"No",1
1352,"Mass Airflow Sensor","Diagnostic",85700,"Yes",4
1353,"Spark Plugs","Major Service",63321,"No",2
1354,"Coolant Flush","Major Service",81724,"No",2
1355,"Brake Pads & Discs","Minor Service",41119,"No",1
1356,"Engine Oil & Filter","Minor Service",10253,"No",2
1357,"Engine Oil & Filter","Minor Service",10381,"No",1
1358,"Wiper Blades","Minor Service",26473,"Yes",5
1359,"Engine Air Filter","Minor Service",18084,"Yes",3
1360,"Coolant Flush","Major Service",99901,"No",1
1361,"Cabin Air Filter","Minor Service",20517,"Yes",3
1362,"Spark Plugs","Major Service",65786,"Yes",4
1363,"Spark Plugs","Major Service",64203,"Yes",5
1364,"Cabin Air Filter","Minor Service",19399,"No",2
1365,"Cabin Air Filter","Minor Service",18710,"No",1
1366,"Shocks & Struts","Major Service",99381,"Yes",5
1367,"Engine Oil & Filter","Minor Service",11976,"No",2
1368,"Cabin Air Filter","Minor Service",22005,"No",1
1369,"Engine Oil & Filter","Minor Service",6819,"No",1
1370,"Brake Pads & Discs","Minor Service",26153,"No",1
1371,"Transmission Fluid","Major Service",70924,"Yes",3
1372,"Spark Plugs","Major Service",52835,"Yes",5
1373,"Engine Air Filter","Minor Service",15801,"No",2
1374,"Wiper Blades","Minor Service",18805,"No",1
1375,"Engine Oil & Filter","Minor Service",4650,"No",2
1376,"Shocks & Struts","Major Service",97060,"Yes",5
1377,"Engine Air Filter","Minor Service",20348,"No",1
1378,"Alternator","Diagnostic",135186,"Yes",3
1379,"Oxygen (O2) Sensor","Diagnostic",133968,"Yes",4
1380,"Cabin Air Filter","Minor Service",22284,"Yes",3
1381,"Spark Plugs","Major Service",62197,"No",1
1382,"Engine Oil & Filter","Minor Service",9697,"No",2
1383,"Cabin Air Filter","Minor Service",22778,"Yes",5
1384,"Engine Oil & Filter","Minor Service",11260,"No",1
1385,"Alternator","Diagnostic",96378,"Yes",4
1386,"Coolant Flush","Major Service",105598,"No",1
1387,"Drive/Serpentine Belt","Major Service",69627,"Yes",5
1388,"Engine Oil & Filter","Minor Service",9845,"No",1
1389,"Brake Pads & Discs","Minor Service",36123,"Yes",3
1390,"Engine Oil & Filter","Minor Service",6838,"No",1
1391,"Wiper Blades","Minor Service",17916,"No",2
1392,"Engine Oil & Filter","Minor Service",15060,"No",1
1393,"Engine Air Filter","Minor Service",22271,"Yes",4
1394,"Cabin Air Filter","Minor Service",16264,"No",1
1395,"Engine Oil & Filter","Minor Service",9260,"No",2
1396,"Wiper Blades","Minor Service",10722,"Yes",4
1397,"Engine Oil & Filter","Minor Service",4582,"No",2
1398,"Engine Oil & Filter","Minor Service",10106,"No",1
1399,"Engine Air Filter","Minor Service",25605,"No",2
1400,"Engine Air Filter","Minor Service",16780,"No",1
1401,"Engine Air Filter","Minor Service",21118,"No",2
1402,"Engine Air Filter","Minor Service",22185,"No",2
1403,"Drive/Serpentine Belt","Major Service",65759,"Yes",5
1404,"Transmission Fluid","Major Service",103200,"No",2
1405,"Transmission Fluid","Major Service",92679,"No",2
1406,"Cabin Air Filter","Minor Service",21837,"Yes",3
1407,"Engine Air Filter","Minor Service",18447,"No",2
1408,"Thermostat","Diagnostic",93880,"Yes",4
1409,"Wiper Blades","Minor Service",14824,"No",2
1410,"Thermostat","Diagnostic",99963,"Yes",3
1411,"Brake Pads & Discs","Minor Service",42789,"No",2
1412,"Wiper Blades","Minor Service",10091,"No",1
1413,"Brake Pads & Discs","Minor Service",40683,"No",2
1414,"Drive/Serpentine Belt","Major Service",67221,"No",2
1415,"Engine Oil & Filter","Minor Service",7420,"No",1
1416,"Engine Air Filter","Minor Service",25061,"No",1
1417,"Cabin Air Filter","Minor Service",19693,"No",1
1418,"Brake Pads & Discs","Minor Service",31753,"No",2
1419,"Engine Oil & Filter","Minor Service",12038,"No",2
1420,"Wiper Blades","Minor Service",17812,"Yes",3
1421,"Engine Oil & Filter","Minor Service",7102,"Yes",4
1422,"Spark Plugs","Major Service",56563,"No",2
1423,"Brake Pads & Discs","Minor Service",43749,"Yes",5
1424,"Wiper Blades","Minor Service",15130,"Yes",5
1425,"Wiper Blades","Minor Service",10778,"No",2
1426,"Cabin Air Filter","Minor Service",25061,"No",1
1427,"Cabin Air Filter","Minor Service",20537,"No",2
1428,"Engine Air Filter","Minor Service",18522,"No",1
1429,"Brake Pads & Discs","Minor Service",28505,"No",2
1430,"Engine Air Filter","Minor Service",17828,"Yes",3
1431,"Spark Plugs","Major Service",85867,"Yes",3
1432,"Engine Air Filter","Minor Service",18702,"No",2
1433,"Brake Pads & Discs","Minor Service",44664,"Yes",4
1434,"Spark Plugs","Major Service",59183,"Yes",4
1435,"Wiper Blades","Minor Service",20717,"Yes",3
1436,"Engine Air Filter","Minor Service",12199,"No",2
1437,"Wiper Blades","Minor Service",13366,"Yes",3
1438,"Wiper Blades","Minor Service",11088,"No",1
1439,"Brake Pads & Discs","Minor Service",33447,"No",2
1440,"Wiper Blades","Minor Service",15954,"Yes",4
1441,"Wiper Blades","Minor Service",15847,"No",1
1442,"Engine Oil & Filter","Minor Service",7846,"No",2
1443,"Wiper Blades","Minor Service",20785,"Yes",3
1444,"Cabin Air Filter","Minor Service",16497,"No",1
1445,"Transmission Fluid","Major Service",78709,"Yes",3
1446,"Brake Pads & Discs","Minor Service",35660,"No",2
1447,"Brake Pads & Discs","Minor Service",38134,"Yes",3
1448,"Coolant Flush","Major Service",116450,"Yes",4
1449,"Wiper Blades","Minor Service",20686,"No",2
1450,"Engine Oil & Filter","Minor Service",10739,"No",2
1451,"Engine Air Filter","Minor Service",19109,"No",1
1452,"Engine Oil & Filter","Minor Service",10172,"No",1
1453,"Wiper Blades","Minor Service",19469,"Yes",5
1454,"Thermostat","Diagnostic",140639,"Yes",3
1455,"Engine Oil & Filter","Minor Service",7246,"No",2
1456,"Coolant Flush","Major Service",72617,"No",2
1457,"Engine Oil & Filter","Minor Service",11503,"Yes",3
1458,"Engine Oil & Filter","Minor Service",12266,"No",2
1459,"Drive/Serpentine Belt","Major Service",69433,"No",1
1460,"Engine Oil & Filter","Minor Service",12828,"Yes",4
1461,"Spark Plugs","Major Service",62189,"No",2
1462,"Wiper Blades","Minor Service",16902,"Yes",4
1463,"Wiper Blades","Minor Service",11462,"Yes",4
1464,"Brake Pads & Discs","Minor Service",36037,"Yes",4
1465,"Engine Air Filter","Minor Service",19612,"No",1
1466,"Spark Plugs","Major Service",63930,"No",2
1467,"Engine Air Filter","Minor Service",15666,"Yes",5
1468,"Thermostat","Diagnostic",114434,"Yes",5
1469,"Cabin Air Filter","Minor Service",16861,"No",1
1470,"Cabin Air Filter","Minor Service",20120,"No",1
1471,"Wiper Blades","Minor Service",7978,"No",1
1472,"Engine Air Filter","Minor Service",18462,"No",1
1473,"Spark Plugs","Major Service",66715,"Yes",3
1474,"Engine Air Filter","Minor Service",23519,"No",1
1475,"Cabin Air Filter","Minor Service",20811,"Yes",4
1476,"Wiper Blades","Minor Service",11717,"Yes",3
1477,"Coolant Flush","Major Service",110177,"No",2
1478,"Cabin Air Filter","Minor Service",15603,"No",1
1479,"Engine Air Filter","Minor Service",21073,"Yes",4
1480,"Wiper Blades","Minor Service",12298,"Yes",3
1481,"Brake Pads & Discs","Minor Service",36523,"Yes",4
1482,"Engine Oil & Filter","Minor Service",11461,"No",2
1483,"Wiper Blades","Minor Service",13249,"No",1
1484,"Drive/Serpentine Belt","Major Service",77984,"Yes",5
1485,"Coolant Flush","Major Service",102585,"No",2
1486,"Thermostat","Diagnostic",128994,"Yes",3
1487,"Transmission Fluid","Major Service",80147,"Yes",3
1488,"Wiper Blades","Minor Service",12916,"Yes",4
1489,"Drive/Serpentine Belt","Major Service",69283,"No",1
1490,"Wiper Blades","Minor Service",16712,"No",2
1491,"Engine Oil & Filter","Minor Service",9348,"No",1
1492,"Coolant Flush","Major Service",107877,"No",2
1493,"Engine Air Filter","Minor Service",16673,"No",2
1494,"Wiper Blades","Minor Service",19604,"Yes",5
1495,"Wiper Blades","Minor Service",12643,"No",2
1496,"Cabin Air Filter","Minor Service",18569,"No",2
1497,"Cabin Air Filter","Minor Service",21016,"No",1
1498,"Oxygen (O2) Sensor","Diagnostic",94111,"Yes",3
1499,"Wiper Blades","Minor Service",14559,"Yes",3
1500,"Engine Air Filter","Minor Service",21206,"Yes",3
1501,"Engine Air Filter","Minor Service",17883,"No",1
1502,"Wiper Blades","Minor Service",14854,"Yes",5
1503,"Wiper Blades","Minor Service",9534,"No",1
1504,"Transmission Fluid","Major Service",82229,"No",2
1505,"Engine Air Filter","Minor Service",18511,"No",1
1506,"Engine Air Filter","Minor Service",22020,"No",2
1507,"Wiper Blades","Minor Service",16414,"No",2
1508,"Engine Air Filter","Minor Service",23192,"No",1
1509,"Engine Oil & Filter","Minor Service",7977,"No",2
1510,"Spark Plugs","Major Service",52867,"No",2
1511,"Cabin Air Filter","Minor Service",23515,"No",1
1512,"Wiper Blades","Minor Service",12560,"No",2
1513,"Engine Air Filter","Minor Service",21235,"No",2
1514,"Oxygen (O2) Sensor","Diagnostic",104733,"No",2
1515,"Engine Oil & Filter","Minor Service",12224,"No",1
1516,"Engine Oil & Filter","Minor Service",12847,"No",1
1517,"Wiper Blades","Minor Service",9917,"Yes",5
1518,"Wiper Blades","Minor Service",15276,"No",1
1519,"Wiper Blades","Minor Service",17697,"No",2
1520,"Engine Air Filter","Minor Service",16176,"No",2
1521,"Coolant Flush","Major Service",100544,"No",2
1522,"Engine Oil & Filter","Minor Service",11476,"No",1
1523,"Wiper Blades","Minor Service",10675,"No",2
1524,"Drive/Serpentine Belt","Major Service",67473,"No",1
1525,"Engine Oil & Filter","Minor Service",9738,"No",1
1526,"Transmission Fluid","Major Service",74184,"Yes",4
1527,"Wiper Blades","Minor Service",12992,"No",2
1528,"Drive/Serpentine Belt","Major Service",66913,"Yes",3
1529,"Spark Plugs","Major Service",62261,"Yes",5
1530,"Shocks & Struts","Major Service",86144,"Yes",3
1531,"Thermostat","Diagnostic",108077,"Yes",4
1532,"Mass Airflow Sensor","Diagnostic",115350,"Yes",3
1533,"Brake Pads & Discs","Minor Service",29359,"Yes",5
1534,"Engine Oil & Filter","Minor Service",11804,"Yes",5
1535,"Engine Oil & Filter","Minor Service",12603,"No",2
1536,"Wiper Blades","Minor Service",8307,"Yes",4
1537,"Transmission Fluid","Major Service",75950,"No",2
1538,"Wiper Blades","Minor Service",11251,"No",2
1539,"Spark Plugs","Major Service",66258,"Yes",3
1540,"Engine Air Filter","Minor Service",23642,"No",1
1541,"Brake Pads & Discs","Minor Service",25526,"Yes",5
1542,"Cabin Air Filter","Minor Service",21693,"No",1
1543,"Engine Oil & Filter","Minor Service",6674,"No",2
1544,"Engine Oil & Filter","Minor Service",9091,"Yes",4
1545,"Brake Pads & Discs","Minor Service",36705,"No",2
1546,"Engine Air Filter","Minor Service",19145,"No",1
1547,"Cabin Air Filter","Minor Service",20293,"No",2
1548,"Engine Air Filter","Minor Service",17383,"No",1
1549,"Wiper Blades","Minor Service",12672,"Yes",4
1550,"Wiper Blades","Minor Service",8535,"Yes",5
1551,"Cabin Air Filter","Minor Service",18595,"No",2
1552,"Wiper Blades","Minor Service",16134,"Yes",4
1553,"Engine Air Filter","Minor Service",17756,"No",2
1554,"Engine Oil & Filter","Minor Service",10389,"No",1
1555,"Wiper Blades","Minor Service",9282,"No",2
1556,"Engine Oil & Filter","Minor Service",11957,"No",1
1557,"Engine Oil & Filter","Minor Service",9628,"No",2
1558,"Wiper Blades","Minor Service",6870,"Yes",3
1559,"Spark Plugs","Major Service",74313,"No",1
1560,"Fuel Pump","Diagnostic",166994,"Yes",3
1561,"Wiper Blades","Minor Service",16278,"Yes",5
1562,"Cabin Air Filter","Minor Service",17646,"No",2
1563,"Engine Air Filter","Minor Service",18641,"No",1
1564,"Spark Plugs","Major Service",59100,"No",2
1565,"Wiper Blades","Minor Service",17304,"Yes",3
1566,"Wiper Blades","Minor Service",22901,"Yes",4
1567,"Spark Plugs","Major Service",58561,"No",2
1568,"Wiper Blades","Minor Service",16965,"Yes",3
1569,"Thermostat","Diagnostic",103045,"Yes",3
1570,"Engine Air Filter","Minor Service",18916,"No",1
1571,"Cabin Air Filter","Minor Service",22398,"No",1
1572,"Engine Oil & Filter","Minor Service",7117,"No",1
1573,"Engine Air Filter","Minor Service",17725,"No",1
1574,"Transmission Fluid","Major Service",69404,"No",2
1575,"Cabin Air Filter","Minor Service",16532,"No",1
1576,"Engine Oil & Filter","Minor Service",12712,"No",2
1577,"Wiper Blades","Minor Service",13457,"No",2
1578,"Wiper Blades","Minor Service",18184,"Yes",4
1579,"Coolant Flush","Major Service",89640,"No",1
1580,"Engine Oil & Filter","Minor Service",9268,"No",2
1581,"Spark Plugs","Major Service",53333,"No",2
1582,"Engine Oil & Filter","Minor Service",9328,"No",1
1583,"Engine Oil & Filter","Minor Service",9266,"No",1
1584,"Spark Plugs","Major Service",44513,"Yes",3
1585,"Engine Air Filter","Minor Service",19370,"No",1
1586,"Spark Plugs","Major Service",62681,"No",2
1587,"Cabin Air Filter","Minor Service",16412,"No",1
1588,"Cabin Air Filter","Minor Service",26757,"No",1
1589,"Engine Air Filter","Minor Service",21401,"Yes",4
1590,"Cabin Air Filter","Minor Service",24768,"No",2
1591,"Wiper Blades","Minor Service",13720,"Yes",4
1592,"Wiper Blades","Minor Service",16333,"No",1
1593,"Brake Pads & Discs","Minor Service",43994,"Yes",5
1594,"Transmission Fluid","Major Service",77157,"No",1
1595,"Spark Plugs","Major Service",47258,"Yes",3
1596,"Engine Oil & Filter","Minor Service",10476,"No",2
1597,"Spark Plugs","Major Service",72163,"Yes",4
1598,"Coolant Flush","Major Service",86224,"No",1
1599,"Cabin Air Filter","Minor Service",18867,"No",2
1600,"Cabin Air Filter","Minor Service",17149,"No",2
1601,"Engine Air Filter","Minor Service",24761,"No",2
1602,"Engine Oil & Filter","Minor Service",9037,"No",2
1603,"Engine Oil & Filter","Minor Service",8259,"Yes",3
1604,"Wiper Blades","Minor Service",9120,"No",1
1605,"Cabin Air Filter","Minor Service",22420,"No",1
1606,"Wiper Blades","Minor Service",15895,"Yes",4
1607,"Cabin Air Filter","Minor Service",21071,"No",1
1608,"Spark Plugs","Major Service",72596,"Yes",4
1609,"Shocks & Struts","Major Service",85229,"Yes",3
1610,"Cabin Air Filter","Minor Service",19288,"No",2
1611,"Brake Pads & Discs","Minor Service",35957,"No",1
1612,"Brake Pads & Discs","Minor Service",37644,"Yes",4
1613,"Engine Air Filter","Minor Service",14123,"Yes",3
1614,"Brake Pads & Discs","Minor Service",34811,"Yes",3
1615,"Engine Oil & Filter","Minor Service",11688,"No",2
1616,"Brake Pads & Discs","Minor Service",29111,"No",1
1617,"Cabin Air Filter","Minor Service",21092,"No",1
1618,"Brake Pads & Discs","Minor Service",37062,"No",2
1619,"Wiper Blades","Minor Service",11422,"No",1
1620,"Transmission Fluid","Major Service",100712,"Yes",3
1621,"Brake Pads & Discs","Minor Service",28795,"No",1
1622,"Drive/Serpentine Belt","Major Service",65378,"No",1
1623,"Brake Pads & Discs","Minor Service",35958,"Yes",4
1624,"Cabin Air Filter","Minor Service",22255,"Yes",5
1625,"Engine Oil & Filter","Minor Service",9089,"No",2
1626,"Brake Pads & Discs","Minor Service",39639,"No",2
1627,"Transmission Fluid","Major Service",79664,"No",2
1628,"Wiper Blades","Minor Service",17343,"Yes",3
1629,"Cabin Air Filter","Minor Service",16384,"Yes",5
1630,"Wiper Blades","Minor Service",11926,"No",1
1631,"Engine Air Filter","Minor Service",14886,"No",1
1632,"Brake Pads & Discs","Minor Service",24881,"No",2
1633,"Engine Air Filter","Minor Service",19128,"Yes",3
1634,"Brake Pads & Discs","Minor Service",40911,"Yes",4
1635,"Oxygen (O2) Sensor","Diagnostic",110899,"Yes",3
1636,"Wiper Blades","Minor Service",6668,"No",1
1637,"Brake Pads & Discs","Minor Service",44793,"Yes",4
1638,"Spark Plugs","Major Service",60335,"Yes",4
1639,"Engine Oil & Filter","Minor Service",8169,"No",2
1640,"Transmission Fluid","Major Service",98222,"Yes",3
1641,"Spark Plugs","Major Service",64037,"Yes",3
1642,"Cabin Air Filter","Minor Service",20334,"No",2
1643,"Cabin Air Filter","Minor Service",18150,"Yes",3
1644,"Spark Plugs","Major Service",70057,"Yes",5
1645,"Brake Pads & Discs","Minor Service",35278,"No",1
1646,"Coolant Flush","Major Service",76863,"No",2
1647,"Cabin Air Filter","Minor Service",25661,"No",1
1648,"Engine Air Filter","Minor Service",14139,"No",2
1649,"Engine Air Filter","Minor Service",14676,"No",1
1650,"Brake Pads & Discs","Minor Service",32968,"Yes",4
1651,"Transmission Fluid","Major Service",72353,"No",1
1652,"Engine Oil & Filter","Minor Service",8295,"Yes",3
1653,"Engine Oil & Filter","Minor Service",9319,"No",2
1654,"Engine Air Filter","Minor Service",24344,"Yes",3
1655,"Wiper Blades","Minor Service",21204,"No",1
1656,"Spark Plugs","Major Service",53873,"Yes",5
1657,"Engine Air Filter","Minor Service",14064,"No",2
1658,"Engine Air Filter","Minor Service",19662,"No",1
1659,"Engine Air Filter","Minor Service",23346,"No",2
1660,"Engine Air Filter","Minor Service",12985,"No",1
1661,"Engine Oil & Filter","Minor Service",9020,"No",2
1662,"Engine Air Filter","Minor Service",21226,"No",1
1663,"Shocks & Struts","Major Service",78293,"No",2
1664,"Wiper Blades","Minor Service",16129,"Yes",3
1665,"Engine Oil & Filter","Minor Service",9053,"No",1
1666,"Drive/Serpentine Belt","Major Service",71222,"Yes",3
1667,"Brake Pads & Discs","Minor Service",41566,"No",2
1668,"Wiper Blades","Minor Service",5085,"No",1
1669,"Mass Airflow Sensor","Diagnostic",98258,"Yes",5
1670,"Engine Oil & Filter","Minor Service",10303,"No",1
1671,"Thermostat","Diagnostic",128654,"Yes",5
1672,"Brake Pads & Discs","Minor Service",36628,"No",2
1673,"Spark Plugs","Major Service",63666,"Yes",5
1674,"Wiper Blades","Minor Service",9078,"No",2
1675,"Engine Air Filter","Minor Service",20059,"No",2
1676,"Oxygen (O2) Sensor","Diagnostic",128172,"Yes",5
1677,"Engine Oil & Filter","Minor Service",6382,"No",1
1678,"Engine Air Filter","Minor Service",28180,"Yes",3
1679,"Transmission Fluid","Major Service",79531,"Yes",4
1680,"Coolant Flush","Major Service",99229,"No",1
1681,"Wiper Blades","Minor Service",16849,"No",1
1682,"Thermostat","Diagnostic",100604,"Yes",4
1683,"Cabin Air Filter","Minor Service",15558,"No",2
1684,"Engine Oil & Filter","Minor Service",13605,"No",1
1685,"Wiper Blades","Minor Service",12539,"Yes",5
1686,"Engine Air Filter","Minor Service",20726,"Yes",3
1687,"Brake Pads & Discs","Minor Service",27325,"No",2
1688,"Engine Oil & Filter","Minor Service",11394,"No",2
1689,"Cabin Air Filter","Minor Service",19075,"No",2
1690,"Cabin Air Filter","Minor Service",19603,"No",2
1691,"Cabin Air Filter","Minor Service",21579,"Yes",3
1692,"Spark Plugs","Major Service",80562,"Yes",4
1693,"Spark Plugs","Major Service",49440,"Yes",5
1694,"Wiper Blades","Minor Service",5653,"Yes",4
1695,"Engine Oil & Filter","Minor Service",12176,"No",1
1696,"Brake Pads & Discs","Minor Service",31777,"Yes",3
1697,"Wiper Blades","Minor Service",11196,"No",1
1698,"Engine Air Filter","Minor Service",25951,"No",2
1699,"Cabin Air Filter","Minor Service",21982,"No",1
1700,"Spark Plugs","Major Service",62357,"Yes",3
1701,"Cabin Air Filter","Minor Service",21705,"No",2
1702,"Shocks & Struts","Major Service",89756,"Yes",5
1703,"Drive/Serpentine Belt","Major Service",66633,"Yes",3
1704,"Spark Plugs","Major Service",49524,"No",1
1705,"Wiper Blades","Minor Service",15061,"Yes",4
1706,"Brake Pads & Discs","Minor Service",35953,"Yes",4
1707,"Wiper Blades","Minor Service",17034,"No",1
1708,"Engine Oil & Filter","Minor Service",7959,"No",1
1709,"Brake Pads & Discs","Minor Service",31957,"No",2
1710,"Engine Oil & Filter","Minor Service",9813,"No",2
1711,"Transmission Fluid","Major Service",75582,"No",1
1712,"Thermostat","Diagnostic",114724,"Yes",3
1713,"Engine Oil & Filter","Minor Service",8753,"No",2
1714,"Mass Airflow Sensor","Diagnostic",119296,"Yes",5
1715,"Engine Air Filter","Minor Service",17943,"No",2
1716,"Engine Oil & Filter","Minor Service",11260,"No",2
1717,"Engine Oil & Filter","Minor Service",7644,"No",2
1718,"Engine Air Filter","Minor Service",25760,"Yes",3
1719,"Engine Air Filter","Minor Service",25523,"No",1
1720,"Thermostat","Diagnostic",124369,"Yes",4
1721,"Engine Air Filter","Minor Service",16207,"No",1
1722,"Brake Pads & Discs","Minor Service",27217,"No",2
1723,"Transmission Fluid","Major Service",73509,"No",2
1724,"Engine Oil & Filter","Minor Service",9849,"No",2
1725,"Engine Air Filter","Minor Service",20753,"Yes",3
1726,"Cabin Air Filter","Minor Service",19912,"No",1
1727,"Wiper Blades","Minor Service",10399,"Yes",4
1728,"Engine Air Filter","Minor Service",17492,"No",2
1729,"Engine Air Filter","Minor Service",16991,"No",2
1730,"Wiper Blades","Minor Service",19265,"Yes",4
1731,"Cabin Air Filter","Minor Service",18793,"No",1
1732,"Engine Oil & Filter","Minor Service",10443,"Yes",5
1733,"Transmission Fluid","Major Service",86463,"No",1
1734,"Engine Oil & Filter","Minor Service",9143,"Yes",3
1735,"Engine Air Filter","Minor Service",18648,"No",1
1736,"Engine Air Filter","Minor Service",16691,"No",2
1737,"Cabin Air Filter","Minor Service",20218,"Yes",5
1738,"Drive/Serpentine Belt","Major Service",72607,"Yes",3
1739,"Engine Oil & Filter","Minor Service",12539,"Yes",3
1740,"Engine Oil & Filter","Minor Service",7902,"No",1
1741,"Cabin Air Filter","Minor Service",25655,"No",1
1742,"Cabin Air Filter","Minor Service",18450,"No",2
1743,"Wiper Blades","Minor Service",13525,"No",1
1744,"Brake Pads & Discs","Minor Service",33383,"Yes",3
1745,"Engine Oil & Filter","Minor Service",12170,"No",1
1746,"Coolant Flush","Major Service",125420,"Yes",4
1747,"Oxygen (O2) Sensor","Diagnostic",111617,"Yes",4
1748,"Cabin Air Filter","Minor Service",20532,"Yes",4
1749,"Wiper Blades","Minor Service",12486,"No",1
1750,"Engine Air Filter","Minor Service",23117,"Yes",5
1751,"Cabin Air Filter","Minor Service",22303,"No",1
1752,"Wiper Blades","Minor Service",22961,"Yes",4
1753,"Cabin Air Filter","Minor Service",21163,"No",1
1754,"Brake Pads & Discs","Minor Service",36312,"Yes",5
1755,"Engine Oil & Filter","Minor Service",9334,"No",2
1756,"Coolant Flush","Major Service",126776,"Yes",4
1757,"Cabin Air Filter","Minor Service",22606,"No",2
1758,"Cabin Air Filter","Minor Service",20908,"No",2
1759,"Engine Air Filter","Minor Service",17075,"No",2
1760,"Wiper Blades","Minor Service",16597,"Yes",5
1761,"Engine Oil & Filter","Minor Service",6935,"No",1
1762,"Shocks & Struts","Major Service",99914,"Yes",5
1763,"Wiper Blades","Minor Service",19657,"Yes",3
1764,"Engine Oil & Filter","Minor Service",5351,"No",2
1765,"Engine Air Filter","Minor Service",21685,"Yes",5
1766,"Drive/Serpentine Belt","Major Service",63707,"No",1
1767,"Wiper Blades","Minor Service",12744,"No",2
1768,"Drive/Serpentine Belt","Major Service",67986,"No",1
1769,"Cabin Air Filter","Minor Service",24343,"No",1
1770,"Coolant Flush","Major Service",81457,"No",2
1771,"Engine Air Filter","Minor Service",23866,"No",2
1772,"Engine Air Filter","Minor Service",19999,"Yes",4
1773,"Engine Air Filter","Minor Service",27825,"No",2
1774,"Wiper Blades","Minor Service",16266,"Yes",5
1775,"Cabin Air Filter","Minor Service",19427,"No",1
1776,"Shocks & Struts","Major Service",89104,"Yes",3
1777,"Cabin Air Filter","Minor Service",18133,"No",1
1778,"Cabin Air Filter","Minor Service",20451,"Yes",4
1779,"Engine Air Filter","Minor Service",15990,"No",1
1780,"Wiper Blades","Minor Service",22171,"Yes",4
1781,"Spark Plugs","Major Service",58217,"Yes",3
1782,"Spark Plugs","Major Service",55712,"No",1
1783,"Engine Oil & Filter","Minor Service",10146,"No",2
1784,"Drive/Serpentine Belt","Major Service",50815,"Yes",4
1785,"Cabin Air Filter","Minor Service",20834,"Yes",4
1786,"Engine Oil & Filter","Minor Service",9054,"No",1
1787,"Cabin Air Filter","Minor Service",22616,"Yes",4
1788,"Mass Airflow Sensor","Diagnostic",118707,"Yes",5
1789,"Engine Air Filter","Minor Service",14691,"No",1
1790,"Engine Oil & Filter","Minor Service",10143,"Yes",3
1791,"Cabin Air Filter","Minor Service",18874,"No",1
1792,"Engine Air Filter","Minor Service",11446,"Yes",5
1793,"Spark Plugs","Major Service",59030,"No",2
1794,"Engine Oil & Filter","Minor Service",12065,"No",1
1795,"Engine Air Filter","Minor Service",20958,"No",2
1796,"Wiper Blades","Minor Service",11365,"Yes",5
1797,"Cabin Air Filter","Minor Service",20205,"No",1
1798,"Spark Plugs","Major Service",61481,"Yes",4
1799,"Brake Pads & Discs","Minor Service",29682,"Yes",5
1800,"Wiper Blades","Minor Service",16351,"No",1
1801,"Engine Air Filter","Minor Service",21335,"No",2
1802,"Coolant Flush","Major Service",117171,"No",2
1803,"Engine Air Filter","Minor Service",22363,"No",2
1804,"Brake Pads & Discs","Minor Service",35576,"No",1
1805,"Brake Pads & Discs","Minor Service",39788,"Yes",4
1806,"Engine Oil & Filter","Minor Service",8546,"No",1
1807,"Cabin Air Filter","Minor Service",22040,"Yes",4
1808,"Engine Oil & Filter","Minor Service",11122,"No",2
1809,"Cabin Air Filter","Minor Service",15191,"No",2
1810,"Cabin Air Filter","Minor Service",22355,"No",1
1811,"Thermostat","Diagnostic",99436,"Yes",3
1812,"Spark Plugs","Major Service",60667,"Yes",4
1813,"Engine Oil & Filter","Minor Service",9305,"No",2
1814,"Oxygen (O2) Sensor","Diagnostic",111178,"Yes",4
1815,"Engine Oil & Filter","Minor Service",7984,"No",1
1816,"Brake Pads & Discs","Minor Service",32608,"No",2
1817,"Transmission Fluid","Major Service",68186,"No",1
1818,"Engine Oil & Filter","Minor Service",8699,"No",2
1819,"Wiper Blades","Minor Service",17505,"Yes",4
1820,"Wiper Blades","Minor Service",12385,"No",2
1821,"Cabin Air Filter","Minor Service",14865,"No",1
1822,"Drive/Serpentine Belt","Major Service",72090,"Yes",4
1823,"Coolant Flush","Major Service",97546,"No",1
1824,"Spark Plugs","Major Service",42751,"No",1
1825,"Cabin Air Filter","Minor Service",21344,"Yes",3
1826,"Engine Oil & Filter","Minor Service",8979,"No",2
1827,"Cabin Air Filter","Minor Service",22228,"No",1
1828,"Wiper Blades","Minor Service",11709,"No",1
1829,"Engine Oil & Filter","Minor Service",12901,"Yes",4
1830,"Cabin Air Filter","Minor Service",19999,"No",2
1831,"Wiper Blades","Minor Service",9034,"No",1
1832,"Drive/Serpentine Belt","Major Service",88131,"Yes",4
1833,"Engine Oil & Filter","Minor Service",5820,"No",2
1834,"Spark Plugs","Major Service",64096,"Yes",4
1835,"Drive/Serpentine Belt","Major Service",76544,"Yes",3
1836,"Transmission Fluid","Major Service",82391,"Yes",5
1837,"Engine Oil & Filter","Minor Service",8016,"No",1
1838,"Brake Pads & Discs","Minor Service",32295,"No",1
1839,"Engine Air Filter","Minor Service",20849,"Yes",3
1840,"Engine Air Filter","Minor Service",19360,"No",1
1841,"Spark Plugs","Major Service",65784,"Yes",5
1842,"Wiper Blades","Minor Service",13550,"Yes",5
1843,"Drive/Serpentine Belt","Major Service",71202,"Yes",5
1844,"Cabin Air Filter","Minor Service",15583,"No",2
1845,"Engine Oil & Filter","Minor Service",6318,"No",2
1846,"Spark Plugs","Major Service",65150,"No",1
1847,"Brake Pads & Discs","Minor Service",33979,"Yes",4
1848,"Engine Air Filter","Minor Service",16526,"No",1
1849,"Transmission Fluid","Major Service",89588,"Yes",4
1850,"Brake Pads & Discs","Minor Service",34697,"Yes",4
1851,"Thermostat","Diagnostic",105033,"Yes",5
1852,"Oxygen (O2) Sensor","Diagnostic",104294,"Yes",3
1853,"Wiper Blades","Minor Service",9968,"No",1
1854,"Engine Air Filter","Minor Service",18744,"No",2
1855,"Engine Oil & Filter","Minor Service",8699,"No",1
1856,"Wiper Blades","Minor Service",17296,"Yes",4
1857,"Engine Air Filter","Minor Service",13542,"Yes",3
1858,"Wiper Blades","Minor Service",19839,"No",2
1859,"Cabin Air Filter","Minor Service",20908,"Yes",3
1860,"Engine Oil & Filter","Minor Service",7238,"No",1
1861,"Engine Oil & Filter","Minor Service",9434,"Yes",3
1862,"Engine Oil & Filter","Minor Service",10803,"No",1
1863,"Brake Pads & Discs","Minor Service",36573,"No",2
1864,"Engine Air Filter","Minor Service",20637,"No",2
1865,"Brake Pads & Discs","Minor Service",31771,"Yes",5
1866,"Cabin Air Filter","Minor Service",19679,"No",1
1867,"Transmission Fluid","Major Service",79879,"Yes",4
1868,"Wiper Blades","Minor Service",9981,"Yes",4
1869,"Thermostat","Diagnostic",107670,"Yes",5
1870,"Engine Oil & Filter","Minor Service",8035,"No",2
1871,"Brake Pads & Discs","Minor Service",45479,"Yes",3
1872,"Mass Airflow Sensor","Diagnostic",125855,"Yes",5
1873,"Brake Pads & Discs","Minor Service",36290,"Yes",5
1874,"Drive/Serpentine Belt","Major Service",72321,"Yes",3
1875,"Coolant Flush","Major Service",88354,"No",1
1876,"Drive/Serpentine Belt","Major Service",57320,"No",1
1877,"Engine Air Filter","Minor Service",18468,"No",1
1878,"Coolant Flush","Major Service",92094,"Yes",5
1879,"Coolant Flush","Major Service",81017,"No",1
1880,"Engine Air Filter","Minor Service",14548,"No",2
1881,"Shocks & Struts","Major Service",72543,"No",2
1882,"Spark Plugs","Major Service",53745,"Yes",5
1883,"Spark Plugs","Major Service",53376,"No",2
1884,"Brake Pads & Discs","Minor Service",42417,"No",1
1885,"Engine Air Filter","Minor Service",18858,"No",1
1886,"Wiper Blades","Minor Service",14075,"Yes",5
1887,"Cabin Air Filter","Minor Service",21371,"No",1
1888,"Wiper Blades","Minor Service",11269,"No",1
1889,"Thermostat","Diagnostic",123043,"Yes",4
1890,"Cabin Air Filter","Minor Service",23245,"No",1
1891,"Engine Oil & Filter","Minor Service",12564,"Yes",3
1892,"Brake Pads & Discs","Minor Service",36698,"No",1
1893,"Brake Pads & Discs","Minor Service",39393,"Yes",4
1894,"Cabin Air Filter","Minor Service",19558,"Yes",5
1895,"Wiper Blades","Minor Service",14839,"Yes",4
1896,"Wiper Blades","Minor Service",12969,"No",1
1897,"Wiper Blades","Minor Service",12595,"No",2
1898,"Cabin Air Filter","Minor Service",25205,"No",2
1899,"Engine Oil & Filter","Minor Service",13720,"No",1
1900,"Engine Oil & Filter","Minor Service",10387,"No",1
1901,"Cabin Air Filter","Minor Service",22221,"No",2
1902,"Engine Air Filter","Minor Service",15514,"Yes",4
1903,"Brake Pads & Discs","Minor Service",29672,"No",1
1904,"Engine Air Filter","Minor Service",23769,"Yes",3
1905,"Engine Air Filter","Minor Service",18109,"No",2
1906,"Engine Air Filter","Minor Service",17808,"No",1
1907,"Engine Oil & Filter","Minor Service",6954,"No",2
1908,"Transmission Fluid","Major Service",70712,"Yes",3
1909,"Shocks & Struts","Major Service",85269,"Yes",4
1910,"Engine Air Filter","Minor Service",19347,"Yes",3
1911,"Engine Air Filter","Minor Service",14931,"Yes",3
1912,"Spark Plugs","Major Service",54894,"Yes",3
1913,"Drive/Serpentine Belt","Major Service",55315,"No",2
1914,"Cabin Air Filter","Minor Service",18081,"No",1
1915,"Engine Oil & Filter","Minor Service",6241,"No",1
1916,"Brake Pads & Discs","Minor Service",31251,"Yes",4
1917,"Engine Oil & Filter","Minor Service",9684,"No",2
1918,"Wiper Blades","Minor Service",17356,"No",2
1919,"Thermostat","Diagnostic",96119,"Yes",5
1920,"Engine Air Filter","Minor Service",21168,"No",1
1921,"Drive/Serpentine Belt","Major Service",85986,"Yes",5
1922,"Coolant Flush","Major Service",96265,"No",2
1923,"Engine Oil & Filter","Minor Service",12267,"Yes",5
1924,"Engine Oil & Filter","Minor Service",11167,"No",2
1925,"Wiper Blades","Minor Service",16171,"Yes",5
1926,"Brake Pads & Discs","Minor Service",42966,"Yes",5
1927,"Engine Oil & Filter","Minor Service",7216,"Yes",4
1928,"Wiper Blades","Minor Service",15911,"No",1
1929,"Engine Air Filter","Minor Service",18701,"No",2
1930,"Engine Air Filter","Minor Service",17478,"No",1
1931,"Spark Plugs","Major Service",76717,"Yes",3
1932,"Engine Oil & Filter","Minor Service",10727,"No",2
1933,"Coolant Flush","Major Service",106423,"No",1
1934,"Wiper Blades","Minor Service",17486,"No",2
1935,"Cabin Air Filter","Minor Service",20683,"No",2
1936,"Engine Oil & Filter","Minor Service",12170,"No",2
1937,"Brake Pads & Discs","Minor Service",34593,"No",1
1938,"Cabin Air Filter","Minor Service",20581,"No",1
1939,"Brake Pads & Discs","Minor Service",36183,"No",2
1940,"Brake Pads & Discs","Minor Service",34348,"Yes",3
1941,"Engine Air Filter","Minor Service",20838,"No",1
1942,"Engine Air Filter","Minor Service",16059,"No",2
1943,"Cabin Air Filter","Minor Service",20453,"No",2
1944,"Engine Oil & Filter","Minor Service",10339,"Yes",4
1945,"Engine Oil & Filter","Minor Service",11068,"Yes",5
1946,"Brake Pads & Discs","Minor Service",39506,"Yes",4
1947,"Engine Oil & Filter","Minor Service",7690,"No",2
1948,"Engine Oil & Filter","Minor Service",8380,"No",1
1949,"Cabin Air Filter","Minor Service",20573,"No",1
1950,"Cabin Air Filter","Minor Service",18491,"No",2
1951,"Alternator","Diagnostic",132451,"Yes",4
1952,"Engine Air Filter","Minor Service",19639,"No",2
1953,"Engine Air Filter","Minor Service",19431,"Yes",5
1954,"Alternator","Diagnostic",75800,"Yes",5
1955,"Mass Airflow Sensor","Diagnostic",99828,"Yes",4
1956,"Engine Air Filter","Minor Service",18729,"Yes",5
1957,"Engine Air Filter","Minor Service",17562,"No",2
1958,"Cabin Air Filter","Minor Service",17667,"No",1
1959,"Drive/Serpentine Belt","Major Service",58614,"Yes",5
1960,"Transmission Fluid","Major Service",68652,"No",1
1961,"Coolant Flush","Major Service",120098,"No",1
1962,"Engine Air Filter","Minor Service",18822,"No",2
1963,"Transmission Fluid","Major Service",94966,"No",1
1964,"Engine Oil & Filter","Minor Service",7549,"No",1
1965,"Cabin Air Filter","Minor Service",19564,"No",2
1966,"Shocks & Struts","Major Service",101606,"Yes",5
1967,"Oxygen (O2) Sensor","Diagnostic",115193,"Yes",3
1968,"Engine Oil & Filter","Minor Service",12852,"Yes",4
1969,"Brake Pads & Discs","Minor Service",39633,"No",2
1970,"Engine Oil & Filter","Minor Service",9647,"No",1
1971,"Oxygen (O2) Sensor","Diagnostic",124913,"Yes",3
1972,"Engine Oil & Filter","Minor Service",11268,"Yes",4
1973,"Engine Air Filter","Minor Service",18903,"No",2
1974,"Engine Air Filter","Minor Service",20778,"No",1
1975,"Engine Oil & Filter","Minor Service",12686,"No",1
1976,"Wiper Blades","Minor Service",20560,"Yes",3
1977,"Spark Plugs","Major Service",57823,"Yes",5
1978,"Engine Air Filter","Minor Service",22904,"No",2
1979,"Wiper Blades","Minor Service",20732,"Yes",5
1980,"Wiper Blades","Minor Service",13911,"Yes",3
1981,"Oxygen (O2) Sensor","Diagnostic",84014,"Yes",5
1982,"Cabin Air Filter","Minor Service",22981,"No",2
1983,"Wiper Blades","Minor Service",12520,"No",2
1984,"Drive/Serpentine Belt","Major Service",69359,"Yes",3
1985,"Engine Oil & Filter","Minor Service",7890,"Yes",3
1986,"Brake Pads & Discs","Minor Service",39431,"Yes",4
1987,"Cabin Air Filter","Minor Service",20915,"Yes",4
1988,"Cabin Air Filter","Minor Service",14914,"Yes",4
1989,"Cabin Air Filter","Minor Service",22605,"Yes",3
1990,"Engine Oil & Filter","Minor Service",7898,"No",1
1991,"Brake Pads & Discs","Minor Service",30648,"No",2
1992,"Engine Oil & Filter","Minor Service",11893,"No",1
1993,"Thermostat","Diagnostic",69794,"Yes",5
1994,"Wiper Blades","Minor Service",18424,"No",1
1995,"Drive/Serpentine Belt","Major Service",72066,"No",2
1996,"Cabin Air Filter","Minor Service",24363,"No",2
1997,"Transmission Fluid","Major Service",84562,"Yes",4
1998,"Cabin Air Filter","Minor Service",24940,"Yes",5
1999,"Spark Plugs","Major Service",64576,"No",2
2000,"Cabin Air Filter","Minor Service",24675,"No",2
2001,"Wiper Blades","Minor Service",14112,"No",2
2002,"Transmission Fluid","Major Service",85925,"No",2
2003,"Engine Oil & Filter","Minor Service",11248,"No",1
2004,"Wiper Blades","Minor Service",8328,"Yes",5
2005,"Brake Pads & Discs","Minor Service",22356,"Yes",4
2006,"Engine Oil & Filter","Minor Service",7063,"No",1
2007,"Brake Pads & Discs","Minor Service",38297,"Yes",3
2008,"Shocks & Struts","Major Service",82087,"No",1
2009,"Wiper Blades","Minor Service",10457,"No",1
2010,"Spark Plugs","Major Service",44144,"Yes",3
2011,"Engine Oil & Filter","Minor Service",11674,"No",2
2012,"Wiper Blades","Minor Service",11533,"Yes",4
2013,"Shocks & Struts","Major Service",80585,"Yes",5
2014,"Engine Air Filter","Minor Service",20539,"Yes",4
2015,"Cabin Air Filter","Minor Service",20202,"Yes",5
2016,"Brake Pads & Discs","Minor Service",47471,"Yes",5
2017,"Drive/Serpentine Belt","Major Service",72314,"Yes",3
2018,"Brake Pads & Discs","Minor Service",28951,"No",2
2019,"Thermostat","Diagnostic",95711,"Yes",5
2020,"Engine Oil & Filter","Minor Service",8880,"No",1
2021,"Cabin Air Filter","Minor Service",21481,"No",2
2022,"Engine Oil & Filter","Minor Service",12313,"Yes",3
2023,"Engine Air Filter","Minor Service",24128,"No",2
2024,"Spark Plugs","Major Service",57494,"No",1
2025,"Cabin Air Filter","Minor Service",22430,"Yes",4
2026,"Engine Oil & Filter","Minor Service",11052,"No",2
2027,"Drive/Serpentine Belt","Major Service",85571,"Yes",4
2028,"Cabin Air Filter","Minor Service",21657,"Yes",5
2029,"Oxygen (O2) Sensor","Diagnostic",97029,"Yes",5
2030,"Cabin Air Filter","Minor Service",22766,"No",2
2031,"Spark Plugs","Major Service",62850,"Yes",3
2032,"Engine Air Filter","Minor Service",18392,"No",1
2033,"Engine Oil & Filter","Minor Service",9749,"No",1
2034,"Cabin Air Filter","Minor Service",19710,"No",1
2035,"Engine Oil & Filter","Minor Service",11049,"No",2
2036,"Wiper Blades","Minor Service",17415,"Yes",3
2037,"Wiper Blades","Minor Service",16464,"No",1
2038,"Engine Oil & Filter","Minor Service",11873,"Yes",5
2039,"Coolant Flush","Major Service",110059,"No",2
2040,"Drive/Serpentine Belt","Major Service",81855,"Yes",5
2041,"Transmission Fluid","Major Service",73084,"No",1
2042,"Spark Plugs","Major Service",62326,"No",1
2043,"Engine Oil & Filter","Minor Service",7959,"No",1
2044,"Cabin Air Filter","Minor Service",21723,"No",2
2045,"Alternator","Diagnostic",151766,"Yes",3
2046,"Wiper Blades","Minor Service",10305,"No",2
2047,"Drive/Serpentine Belt","Major Service",79685,"No",2
2048,"Wiper Blades","Minor Service",10699,"No",1
2049,"Engine Oil & Filter","Minor Service",12876,"No",2
2050,"Engine Oil & Filter","Minor Service",13621,"Yes",5
2051,"Engine Oil & Filter","Minor Service",8604,"No",2
2052,"Engine Oil & Filter","Minor Service",14578,"No",1
2053,"Transmission Fluid","Major Service",88836,"No",2
2054,"Cabin Air Filter","Minor Service",19308,"No",1
2055,"Cabin Air Filter","Minor Service",16480,"No",1
2056,"Engine Air Filter","Minor Service",19395,"Yes",3
2057,"Brake Pads & Discs","Minor Service",39799,"No",2
2058,"Engine Air Filter","Minor Service",19606,"Yes",3
2059,"Wiper Blades","Minor Service",16985,"No",2
2060,"Cabin Air Filter","Minor Service",20249,"No",1
2061,"Cabin Air Filter","Minor Service",20116,"No",2
2062,"Engine Oil & Filter","Minor Service",8974,"No",2
2063,"Engine Air Filter","Minor Service",20773,"No",1
2064,"Engine Oil & Filter","Minor Service",10446,"Yes",5
2065,"Engine Oil & Filter","Minor Service",9831,"No",2
2066,"Wiper Blades","Minor Service",17530,"No",1
2067,"Drive/Serpentine Belt","Major Service",70440,"Yes",5
2068,"Engine Air Filter","Minor Service",19393,"No",1
2069,"Engine Oil & Filter","Minor Service",5231,"Yes",4
2070,"Coolant Flush","Major Service",100831,"Yes",4
2071,"Coolant Flush","Major Service",107239,"Yes",4
2072,"Wiper Blades","Minor Service",17632,"Yes",5
2073,"Transmission Fluid","Major Service",78247,"No",1
2074,"Brake Pads & Discs","Minor Service",40659,"Yes",4
2075,"Cabin Air Filter","Minor Service",16161,"No",1
2076,"Engine Air Filter","Minor Service",18585,"No",2
2077,"Cabin Air Filter","Minor Service",20618,"Yes",4
2078,"Cabin Air Filter","Minor Service",22635,"No",1
2079,"Brake Pads & Discs","Minor Service",31390,"Yes",3
2080,"Wiper Blades","Minor Service",13916,"No",2
2081,"Shocks & Struts","Major Service",82502,"Yes",3
2082,"Shocks & Struts","Major Service",70587,"Yes",3
2083,"Engine Air Filter","Minor Service",21819,"Yes",3
2084,"Brake Pads & Discs","Minor Service",37364,"Yes",4
2085,"Cabin Air Filter","Minor Service",23758,"No",2
2086,"Wiper Blades","Minor Service",16470,"No",2
2087,"Wiper Blades","Minor Service",10526,"No",1
2088,"Thermostat","Diagnostic",92660,"Yes",3
2089,"Brake Pads & Discs","Minor Service",31724,"No",1
2090,"Drive/Serpentine Belt","Major Service",71434,"Yes",3
2091,"Engine Air Filter","Minor Service",20233,"No",2
2092,"Brake Pads & Discs","Minor Service",29843,"Yes",3
2093,"Spark Plugs","Major Service",64270,"Yes",5
2094,"Wiper Blades","Minor Service",15768,"Yes",3
2095,"Cabin Air Filter","Minor Service",19961,"No",2
2096,"Spark Plugs","Major Service",29177,"Yes",4
2097,"Engine Oil & Filter","Minor Service",9881,"Yes",4
2098,"Wiper Blades","Minor Service",11797,"No",1
2099,"Drive/Serpentine Belt","Major Service",71639,"Yes",3
2100,"Cabin Air Filter","Minor Service",21950,"Yes",4
2101,"Engine Oil & Filter","Minor Service",5721,"No",1
2102,"Transmission Fluid","Major Service",71992,"No",1
2103,"Engine Oil & Filter","Minor Service",9853,"No",2
2104,"Cabin Air Filter","Minor Service",26801,"No",2
2105,"Engine Oil & Filter","Minor Service",6968,"No",2
2106,"Engine Oil & Filter","Minor Service",9557,"No",1
2107,"Spark Plugs","Major Service",60480,"Yes",4
2108,"Engine Air Filter","Minor Service",19973,"Yes",5
2109,"Engine Oil & Filter","Minor Service",10805,"Yes",3
2110,"Engine Oil & Filter","Minor Service",9656,"No",1
2111,"Cabin Air Filter","Minor Service",21530,"No",1
2112,"Brake Pads & Discs","Minor Service",40901,"Yes",5
2113,"Spark Plugs","Major Service",56543,"Yes",3
2114,"Engine Oil & Filter","Minor Service",6155,"No",2
2115,"Drive/Serpentine Belt","Major Service",69657,"Yes",5
2116,"Brake Pads & Discs","Minor Service",39632,"Yes",5
2117,"Shocks & Struts","Major Service",69534,"Yes",5
2118,"Engine Oil & Filter","Minor Service",10509,"No",1
2119,"Cabin Air Filter","Minor Service",21647,"No",2
2120,"Wiper Blades","Minor Service",9738,"No",2
2121,"Shocks & Struts","Major Service",86090,"Yes",3
2122,"Wiper Blades","Minor Service",14710,"No",2
2123,"Engine Oil & Filter","Minor Service",11401,"No",2
2124,"Brake Pads & Discs","Minor Service",43054,"Yes",5
2125,"Wiper Blades","Minor Service",14974,"Yes",5
2126,"Cabin Air Filter","Minor Service",17661,"No",1
2127,"Brake Pads & Discs","Minor Service",31580,"No",2
2128,"Cabin Air Filter","Minor Service",20898,"No",2
2129,"Drive/Serpentine Belt","Major Service",80096,"Yes",5
2130,"Brake Pads & Discs","Minor Service",32397,"Yes",3
2131,"Engine Air Filter","Minor Service",17703,"No",2
2132,"Wiper Blades","Minor Service",20165,"No",2
2133,"Cabin Air Filter","Minor Service",20871,"Yes",3
2134,"Brake Pads & Discs","Minor Service",33400,"Yes",3
2135,"Brake Pads & Discs","Minor Service",34762,"No",1
2136,"Cabin Air Filter","Minor Service",19153,"No",2
2137,"Spark Plugs","Major Service",61278,"No",2
2138,"Coolant Flush","Major Service",101729,"No",1
2139,"Wiper Blades","Minor Service",16660,"Yes",5
2140,"Engine Oil & Filter","Minor Service",11991,"Yes",4
2141,"Cabin Air Filter","Minor Service",20698,"No",2
2142,"Engine Air Filter","Minor Service",20891,"Yes",3
2143,"Engine Oil & Filter","Minor Service",8642,"No",1
2144,"Engine Oil & Filter","Minor Service",9369,"No",1
2145,"Engine Air Filter","Minor Service",20971,"No",2
2146,"Brake Pads & Discs","Minor Service",31251,"Yes",3
2147,"Engine Air Filter","Minor Service",16507,"Yes",4
2148,"Transmission Fluid","Major Service",70651,"No",2
2149,"Brake Pads & Discs","Minor Service",35970,"No",2
2150,"Wiper Blades","Minor Service",11486,"Yes",3
2151,"Engine Oil & Filter","Minor Service",13682,"No",1
2152,"Transmission Fluid","Major Service",86391,"Yes",4
2153,"Engine Air Filter","Minor Service",17321,"Yes",3
2154,"Spark Plugs","Major Service",54430,"No",1
2155,"Wiper Blades","Minor Service",12069,"Yes",5
2156,"Wiper Blades","Minor Service",10925,"Yes",3
2157,"Engine Oil & Filter","Minor Service",11702,"No",1
2158,"Engine Air Filter","Minor Service",24231,"No",1
2159,"Shocks & Struts","Major Service",83418,"No",1
2160,"Drive/Serpentine Belt","Major Service",62377,"Yes",4
2161,"Coolant Flush","Major Service",98886,"No",1
2162,"Brake Pads & Discs","Minor Service",34682,"No",1
2163,"Wiper Blades","Minor Service",18918,"No",2
2164,"Brake Pads & Discs","Minor Service",30821,"No",2
2165,"Shocks & Struts","Major Service",79788,"Yes",4
2166,"Brake Pads & Discs","Minor Service",34916,"No",2
2167,"Engine Air Filter","Minor Service",14209,"No",2
2168,"Cabin Air Filter","Minor Service",18158,"Yes",4
2169,"Engine Oil & Filter","Minor Service",8383,"No",2
2170,"Engine Oil & Filter","Minor Service",9638,"No",1
2171,"Wiper Blades","Minor Service",20412,"Yes",5
2172,"Engine Air Filter","Minor Service",20643,"Yes",5
2173,"Brake Pads & Discs","Minor Service",36590,"Yes",3
2174,"Cabin Air Filter","Minor Service",19195,"No",1
2175,"Cabin Air Filter","Minor Service",22297,"No",2
2176,"Engine Air Filter","Minor Service",17528,"No",1
2177,"Engine Oil & Filter","Minor Service",10472,"No",1
2178,"Brake Pads & Discs","Minor Service",34912,"No",1
2179,"Cabin Air Filter","Minor Service",18995,"No",2
2180,"Mass Airflow Sensor","Diagnostic",111151,"Yes",3
2181,"Cabin Air Filter","Minor Service",24649,"No",1
2182,"Engine Oil & Filter","Minor Service",12989,"No",1
2183,"Engine Air Filter","Minor Service",16380,"No",2
2184,"Engine Air Filter","Minor Service",24539,"Yes",5
2185,"Engine Air Filter","Minor Service",20288,"Yes",3
2186,"Spark Plugs","Major Service",57614,"Yes",4
2187,"Wiper Blades","Minor Service",17114,"No",1
2188,"Drive/Serpentine Belt","Major Service",82391,"Yes",5
2189,"Engine Oil & Filter","Minor Service",5540,"No",1
2190,"Wiper Blades","Minor Service",22712,"Yes",3
2191,"Brake Pads & Discs","Minor Service",38532,"Yes",4
2192,"Cabin Air Filter","Minor Service",20007,"No",2
2193,"Wiper Blades","Minor Service",13606,"Yes",3
2194,"Engine Air Filter","Minor Service",16166,"No",2
2195,"Oxygen (O2) Sensor","Diagnostic",134651,"Yes",3
2196,"Engine Oil & Filter","Minor Service",7775,"No",2
2197,"Transmission Fluid","Major Service",90983,"Yes",3
2198,"Engine Air Filter","Minor Service",14345,"No",2
2199,"Wiper Blades","Minor Service",15541,"No",2
2200,"Coolant Flush","Major Service",108928,"No",1
2201,"Cabin Air Filter","Minor Service",16417,"Yes",4
2202,"Wiper Blades","Minor Service",15107,"Yes",5
2203,"Spark Plugs","Major Service",54356,"Yes",5
2204,"Wiper Blades","Minor Service",11957,"Yes",4
2205,"Engine Air Filter","Minor Service",19932,"No",2
2206,"Engine Oil & Filter","Minor Service",6629,"No",1
2207,"Spark Plugs","Major Service",56156,"Yes",4
2208,"Engine Oil & Filter","Minor Service",8877,"No",2
2209,"Shocks & Struts","Major Service",79955,"No",1
2210,"Wiper Blades","Minor Service",15905,"Yes",4
2211,"Cabin Air Filter","Minor Service",19781,"Yes",5
2212,"Brake Pads & Discs","Minor Service",30265,"No",1
2213,"Engine Oil & Filter","Minor Service",13550,"No",2
2214,"Brake Pads & Discs","Minor Service",38004,"Yes",3
2215,"Engine Oil & Filter","Minor Service",9515,"No",1
2216,"Brake Pads & Discs","Minor Service",31521,"Yes",3
2217,"Mass Airflow Sensor","Diagnostic",109640,"Yes",3
2218,"Engine Air Filter","Minor Service",23456,"No",1
2219,"Oxygen (O2) Sensor","Diagnostic",112535,"Yes",4
2220,"Shocks & Struts","Major Service",76737,"No",1
2221,"Spark Plugs","Major Service",53407,"No",1
2222,"Cabin Air Filter","Minor Service",20770,"No",1
2223,"Cabin Air Filter","Minor Service",18691,"No",2
2224,"Brake Pads & Discs","Minor Service",31092,"No",1
2225,"Engine Oil & Filter","Minor Service",11033,"No",1
2226,"Brake Pads & Discs","Minor Service",40542,"Yes",3
2227,"Engine Air Filter","Minor Service",20657,"Yes",5
2228,"Cabin Air Filter","Minor Service",17477,"No",1
2229,"Wiper Blades","Minor Service",14452,"No",2
2230,"Engine Oil & Filter","Minor Service",13181,"Yes",5
2231,"Engine Air Filter","Minor Service",22644,"Yes",4
2232,"Oxygen (O2) Sensor","Diagnostic",149011,"Yes",4
2233,"Engine Air Filter","Minor Service",21647,"Yes",4
2234,"Wiper Blades","Minor Service",13051,"No",2
2235,"Oxygen (O2) Sensor","Diagnostic",99095,"Yes",4
2236,"Wiper Blades","Minor Service",7745,"No",1
2237,"Wiper Blades","Minor Service",16635,"No",2
2238,"Engine Oil & Filter","Minor Service",8582,"No",2
2239,"Brake Pads & Discs","Minor Service",36719,"No",2
2240,"Spark Plugs","Major Service",59999,"No",1
2241,"Engine Oil & Filter","Minor Service",7850,"No",2
2242,"Brake Pads & Discs","Minor Service",27469,"No",1
2243,"Transmission Fluid","Major Service",110561,"No",1
2244,"Wiper Blades","Minor Service",19710,"No",2
2245,"Brake Pads & Discs","Minor Service",36898,"Yes",4
2246,"Wiper Blades","Minor Service",25726,"No",2
2247,"Engine Oil & Filter","Minor Service",8313,"No",2
2248,"Engine Air Filter","Minor Service",21890,"No",2
2249,"Oxygen (O2) Sensor","Diagnostic",119159,"Yes",5
2250,"Engine Air Filter","Minor Service",15155,"No",2
2251,"Engine Air Filter","Minor Service",18767,"No",1
2252,"Transmission Fluid","Major Service",70771,"No",2
2253,"Transmission Fluid","Major Service",84989,"Yes",5
2254,"Cabin Air Filter","Minor Service",20524,"No",2
2255,"Cabin Air Filter","Minor Service",19824,"No",2
2256,"Engine Air Filter","Minor Service",25595,"No",2
2257,"Thermostat","Diagnostic",93986,"Yes",4
2258,"Wiper Blades","Minor Service",9275,"No",1
2259,"Brake Pads & Discs","Minor Service",41531,"Yes",3
2260,"Transmission Fluid","Major Service",89069,"No",2
2261,"Engine Oil & Filter","Minor Service",9477,"No",2
2262,"Brake Pads & Discs","Minor Service",37245,"No",2
2263,"Oxygen (O2) Sensor","Diagnostic",92445,"Yes",3
2264,"Engine Oil & Filter","Minor Service",9999,"No",1
2265,"Coolant Flush","Major Service",121356,"No",2
2266,"Wiper Blades","Minor Service",23125,"Yes",3
2267,"Spark Plugs","Major Service",68810,"Yes",4
2268,"Brake Pads & Discs","Minor Service",44033,"Yes",5
2269,"Spark Plugs","Major Service",63732,"No",1
2270,"Wiper Blades","Minor Service",15470,"Yes",4
2271,"Spark Plugs","Major Service",73344,"Yes",5
2272,"Engine Air Filter","Minor Service",19188,"No",2
2273,"Wiper Blades","Minor Service",12883,"No",2
2274,"Brake Pads & Discs","Minor Service",34163,"Yes",3
2275,"Engine Oil & Filter","Minor Service",9547,"No",2
2276,"Wiper Blades","Minor Service",18724,"No",2
2277,"Engine Oil & Filter","Minor Service",11798,"No",1
2278,"Engine Air Filter","Minor Service",19269,"No",2
2279,"Engine Oil & Filter","Minor Service",9083,"No",1
2280,"Wiper Blades","Minor Service",13044,"No",1
2281,"Engine Oil & Filter","Minor Service",10096,"No",2
2282,"Coolant Flush","Major Service",82532,"No",1
2283,"Engine Oil & Filter","Minor Service",7823,"No",1
2284,"Cabin Air Filter","Minor Service",14749,"No",1
2285,"Brake Pads & Discs","Minor Service",28378,"No",2
2286,"Engine Air Filter","Minor Service",23426,"Yes",3
2287,"Engine Air Filter","Minor Service",24585,"No",1
2288,"Thermostat","Diagnostic",100037,"Yes",5
2289,"Coolant Flush","Major Service",118898,"No",1
2290,"Brake Pads & Discs","Minor Service",29567,"No",1
2291,"Wiper Blades","Minor Service",14885,"Yes",4
2292,"Thermostat","Diagnostic",82392,"Yes",5
2293,"Engine Air Filter","Minor Service",18385,"No",2
2294,"Wiper Blades","Minor Service",21630,"No",2
2295,"Engine Air Filter","Minor Service",14537,"No",1
2296,"Brake Pads & Discs","Minor Service",35481,"No",2
2297,"Wiper Blades","Minor Service",9679,"No",1
2298,"Wiper Blades","Minor Service",20273,"Yes",4
2299,"Shocks & Struts","Major Service",80121,"Yes",3
2300,"Fuel Pump","Diagnostic",185620,"Yes",4
2301,"Wiper Blades","Minor Service",19984,"Yes",3
2302,"Engine Oil & Filter","Minor Service",10173,"No",2
2303,"Wiper Blades","Minor Service",7265,"Yes",4
2304,"Transmission Fluid","Major Service",83301,"No",2
2305,"Engine Air Filter","Minor Service",24055,"No",2
2306,"Thermostat","Diagnostic",92456,"No",1
2307,"Brake Pads & Discs","Minor Service",36052,"No",1
2308,"Engine Oil & Filter","Minor Service",10359,"No",1
2309,"Engine Oil & Filter","Minor Service",8853,"No",1
2310,"Engine Oil & Filter","Minor Service",11715,"No",1
2311,"Drive/Serpentine Belt","Major Service",64019,"Yes",5
2312,"Engine Oil & Filter","Minor Service",11049,"No",2
2313,"Engine Oil & Filter","Minor Service",6880,"No",1
2314,"Thermostat","Diagnostic",108572,"Yes",5
2315,"Engine Oil & Filter","Minor Service",11468,"Yes",3
2316,"Cabin Air Filter","Minor Service",20531,"No",1
2317,"Spark Plugs","Major Service",67135,"Yes",3
2318,"Transmission Fluid","Major Service",84464,"No",1
2319,"Wiper Blades","Minor Service",16712,"Yes",3
2320,"Brake Pads & Discs","Minor Service",47292,"No",2
2321,"Engine Oil & Filter","Minor Service",8271,"No",2
2322,"Cabin Air Filter","Minor Service",19717,"No",2
2323,"Engine Air Filter","Minor Service",19986,"No",1
2324,"Cabin Air Filter","Minor Service",20279,"Yes",3
2325,"Engine Oil & Filter","Minor Service",7500,"No",1
2326,"Drive/Serpentine Belt","Major Service",72219,"Yes",5
2327,"Wiper Blades","Minor Service",12790,"No",1
2328,"Engine Oil & Filter","Minor Service",12696,"Yes",4
2329,"Wiper Blades","Minor Service",16807,"Yes",4
2330,"Wiper Blades","Minor Service",19589,"No",1
2331,"Engine Air Filter","Minor Service",17225,"No",2
2332,"Shocks & Struts","Major Service",102415,"Yes",3
2333,"Transmission Fluid","Major Service",87560,"Yes",4
2334,"Spark Plugs","Major Service",60455,"Yes",4
2335,"Cabin Air Filter","Minor Service",17591,"No",2
2336,"Mass Airflow Sensor","Diagnostic",107082,"Yes",5
2337,"Engine Air Filter","Minor Service",21763,"No",2
2338,"Engine Oil & Filter","Minor Service",10041,"No",1
2339,"Engine Air Filter","Minor Service",21710,"No",1
2340,"Thermostat","Diagnostic",82520,"Yes",5
2341,"Coolant Flush","Major Service",94845,"No",1
2342,"Shocks & Struts","Major Service",87876,"Yes",4
2343,"Engine Air Filter","Minor Service",16755,"No",2
2344,"Engine Oil & Filter","Minor Service",11056,"No",2
2345,"Transmission Fluid","Major Service",59240,"No",2
2346,"Engine Air Filter","Minor Service",20200,"Yes",3
2347,"Engine Oil & Filter","Minor Service",11554,"No",1
2348,"Brake Pads & Discs","Minor Service",29579,"Yes",4
2349,"Engine Oil & Filter","Minor Service",11791,"No",2
2350,"Wiper Blades","Minor Service",15954,"No",1
2351,"Engine Oil & Filter","Minor Service",10573,"No",2
2352,"Engine Air Filter","Minor Service",16603,"No",2
2353,"Oxygen (O2) Sensor","Diagnostic",96401,"Yes",3
2354,"Cabin Air Filter","Minor Service",21718,"Yes",5
2355,"Alternator","Diagnostic",163706,"Yes",4
2356,"Engine Oil & Filter","Minor Service",10039,"No",2
2357,"Wiper Blades","Minor Service",20225,"Yes",5
2358,"Wiper Blades","Minor Service",11148,"No",1
2359,"Coolant Flush","Major Service",95344,"Yes",4
2360,"Engine Air Filter","Minor Service",22333,"No",1
2361,"Engine Air Filter","Minor Service",22173,"Yes",5
2362,"Transmission Fluid","Major Service",86136,"No",1
2363,"Brake Pads & Discs","Minor Service",25197,"Yes",3
2364,"Wiper Blades","Minor Service",16105,"No",1
2365,"Engine Oil & Filter","Minor Service",8538,"No",2
2366,"Engine Air Filter","Minor Service",22446,"No",1
2367,"Engine Air Filter","Minor Service",19890,"Yes",5
2368,"Spark Plugs","Major Service",61096,"Yes",4
2369,"Engine Oil & Filter","Minor Service",10065,"No",2
2370,"Brake Pads & Discs","Minor Service",39031,"Yes",5
2371,"Engine Oil & Filter","Minor Service",9234,"No",2
2372,"Engine Oil & Filter","Minor Service",10089,"No",1
2373,"Shocks & Struts","Major Service",88344,"Yes",5
2374,"Cabin Air Filter","Minor Service",17179,"No",1
2375,"Cabin Air Filter","Minor Service",20213,"Yes",4
2376,"Brake Pads & Discs","Minor Service",40000,"No",2
2377,"Brake Pads & Discs","Minor Service",41377,"No",2
2378,"Drive/Serpentine Belt","Major Service",65432,"Yes",5
2379,"Shocks & Struts","Major Service",91777,"Yes",4
2380,"Shocks & Struts","Major Service",98015,"Yes",4
2381,"Coolant Flush","Major Service",113481,"No",1
2382,"Engine Oil & Filter","Minor Service",8132,"No",1
2383,"Wiper Blades","Minor Service",14302,"Yes",3
2384,"Mass Airflow Sensor","Diagnostic",127761,"Yes",3
2385,"Mass Airflow Sensor","Diagnostic",76206,"Yes",3
2386,"Brake Pads & Discs","Minor Service",33251,"Yes",5
2387,"Shocks & Struts","Major Service",98813,"Yes",5
2388,"Wiper Blades","Minor Service",18293,"No",2
2389,"Engine Oil & Filter","Minor Service",12301,"No",2
2390,"Shocks & Struts","Major Service",86004,"Yes",3
2391,"Cabin Air Filter","Minor Service",19993,"No",1
2392,"Alternator","Diagnostic",111934,"Yes",4
2393,"Transmission Fluid","Major Service",63144,"No",1
2394,"Engine Air Filter","Minor Service",19352,"No",1
2395,"Spark Plugs","Major Service",45849,"Yes",5
2396,"Engine Air Filter","Minor Service",10297,"Yes",4
2397,"Engine Air Filter","Minor Service",21494,"No",2
2398,"Wiper Blades","Minor Service",16713,"Yes",4
2399,"Engine Air Filter","Minor Service",21667,"No",1
2400,"Engine Air Filter","Minor Service",23066,"Yes",4
2401,"Brake Pads & Discs","Minor Service",22821,"No",2
2402,"Cabin Air Filter","Minor Service",18648,"No",2
2403,"Engine Oil & Filter","Minor Service",9690,"No",2
2404,"Drive/Serpentine Belt","Major Service",71355,"Yes",5
2405,"Transmission Fluid","Major Service",72683,"No",1
2406,"Wiper Blades","Minor Service",3755,"No",2
2407,"Engine Air Filter","Minor Service",21230,"Yes",4
2408,"Wiper Blades","Minor Service",11944,"No",2
2409,"Engine Oil & Filter","Minor Service",9043,"No",1
2410,"Spark Plugs","Major Service",65355,"No",1
2411,"Cabin Air Filter","Minor Service",15308,"No",2
2412,"Engine Oil & Filter","Minor Service",11965,"No",2
2413,"Engine Air Filter","Minor Service",21445,"Yes",5
2414,"Brake Pads & Discs","Minor Service",42070,"Yes",5
2415,"Engine Oil & Filter","Minor Service",11159,"No",2
2416,"Brake Pads & Discs","Minor Service",36274,"Yes",3
2417,"Wiper Blades","Minor Service",13305,"Yes",5
2418,"Engine Oil & Filter","Minor Service",9206,"No",2
2419,"Wiper Blades","Minor Service",11601,"No",1
2420,"Wiper Blades","Minor Service",13846,"No",2
2421,"Cabin Air Filter","Minor Service",21635,"No",2
2422,"Wiper Blades","Minor Service",18606,"Yes",4
2423,"Engine Oil & Filter","Minor Service",10602,"No",1
2424,"Wiper Blades","Minor Service",12842,"No",2
2425,"Cabin Air Filter","Minor Service",19139,"No",1
2426,"Engine Air Filter","Minor Service",20211,"No",1
2427,"Shocks & Struts","Major Service",106990,"Yes",5
2428,"Engine Oil & Filter","Minor Service",11587,"No",2
2429,"Transmission Fluid","Major Service",84172,"No",2
2430,"Engine Oil & Filter","Minor Service",6682,"No",1
2431,"Alternator","Diagnostic",110412,"Yes",3
2432,"Engine Air Filter","Minor Service",19224,"Yes",4
2433,"Thermostat","Diagnostic",104342,"Yes",5
2434,"Cabin Air Filter","Minor Service",20799,"No",1
2435,"Brake Pads & Discs","Minor Service",34222,"No",1
2436,"Brake Pads & Discs","Minor Service",32255,"No",2
2437,"Wiper Blades","Minor Service",23825,"No",2
2438,"Shocks & Struts","Major Service",103674,"Yes",4
2439,"Alternator","Diagnostic",162110,"Yes",3
2440,"Cabin Air Filter","Minor Service",23060,"Yes",4
2441,"Wiper Blades","Minor Service",9901,"No",1
2442,"Thermostat","Diagnostic",100426,"Yes",5
2443,"Spark Plugs","Major Service",59108,"No",1
2444,"Engine Air Filter","Minor Service",22624,"No",2
2445,"Cabin Air Filter","Minor Service",15155,"No",2
2446,"Transmission Fluid","Major Service",79129,"No",2
2447,"Engine Oil & Filter","Minor Service",8262,"No",1
2448,"Fuel Pump","Diagnostic",139893,"Yes",5
2449,"Drive/Serpentine Belt","Major Service",77961,"Yes",5
2450,"Drive/Serpentine Belt","Major Service",77402,"No",1
2451,"Wiper Blades","Minor Service",17875,"Yes",5
2452,"Transmission Fluid","Major Service",73258,"No",2
2453,"Engine Oil & Filter","Minor Service",9549,"No",2
2454,"Cabin Air Filter","Minor Service",22346,"No",1
2455,"Engine Oil & Filter","Minor Service",9980,"No",2
2456,"Wiper Blades","Minor Service",13041,"Yes",5
2457,"Coolant Flush","Major Service",89287,"No",2
2458,"Wiper Blades","Minor Service",13651,"No",1
2459,"Cabin Air Filter","Minor Service",17803,"No",1
2460,"Spark Plugs","Major Service",54837,"Yes",3
2461,"Cabin Air Filter","Minor Service",15785,"No",2
2462,"Engine Air Filter","Minor Service",16858,"No",2
2463,"Wiper Blades","Minor Service",17515,"Yes",4
2464,"Cabin Air Filter","Minor Service",21211,"No",1
2465,"Wiper Blades","Minor Service",24751,"Yes",4
2466,"Wiper Blades","Minor Service",13158,"No",2
2467,"Engine Oil & Filter","Minor Service",11168,"No",1
2468,"Brake Pads & Discs","Minor Service",30681,"No",2
2469,"Spark Plugs","Major Service",57807,"Yes",4
2470,"Coolant Flush","Major Service",98179,"No",1
2471,"Cabin Air Filter","Minor Service",25894,"Yes",5
2472,"Wiper Blades","Minor Service",16584,"Yes",3
2473,"Wiper Blades","Minor Service",8505,"No",1
2474,"Engine Air Filter","Minor Service",20991,"No",2
2475,"Wiper Blades","Minor Service",11835,"No",2
2476,"Spark Plugs","Major Service",60013,"Yes",5
2477,"Wiper Blades","Minor Service",14366,"No",1
2478,"Spark Plugs","Major Service",55750,"No",1
2479,"Oxygen (O2) Sensor","Diagnostic",139030,"Yes",4
2480,"Engine Oil & Filter","Minor Service",9234,"No",1
2481,"Spark Plugs","Major Service",49236,"Yes",3
2482,"Engine Oil & Filter","Minor Service",9420,"No",1
2483,"Engine Air Filter","Minor Service",21259,"No",2
2484,"Wiper Blades","Minor Service",13351,"Yes",4
2485,"Spark Plugs","Major Service",60786,"Yes",4
2486,"Drive/Serpentine Belt","Major Service",55282,"Yes",4
2487,"Wiper Blades","Minor Service",17010,"Yes",3
2488,"Cabin Air Filter","Minor Service",20457,"No",2
2489,"Engine Oil & Filter","Minor Service",11266,"No",1
2490,"Engine Oil & Filter","Minor Service",8933,"No",2
2491,"Cabin Air Filter","Minor Service",20762,"Yes",4
2492,"Engine Oil & Filter","Minor Service",12806,"No",1
2493,"Wiper Blades","Minor Service",12008,"No",1
2494,"Engine Air Filter","Minor Service",23475,"No",2
2495,"Wiper Blades","Minor Service",13652,"No",2
2496,"Brake Pads & Discs","Minor Service",34720,"Yes",5
2497,"Wiper Blades","Minor Service",16639,"No",2
2498,"Engine Oil & Filter","Minor Service",12049,"No",2
2499,"Engine Air Filter","Minor Service",20472,"No",1
2500,"Coolant Flush","Major Service",99546,"No",2
2501,"Coolant Flush","Major Service",105774,"No",2
2502,"Coolant Flush","Major Service",84326,"No",2
2503,"Engine Oil & Filter","Minor Service",7834,"No",2
2504,"Wiper Blades","Minor Service",14094,"No",1
2505,"Engine Oil & Filter","Minor Service",9264,"No",2
2506,"Engine Air Filter","Minor Service",21432,"No",1
2507,"Engine Air Filter","Minor Service",23369,"Yes",3
2508,"Brake Pads & Discs","Minor Service",41016,"No",2
2509,"Engine Oil & Filter","Minor Service",16174,"No",2
2510,"Spark Plugs","Major Service",57244,"No",2
2511,"Brake Pads & Discs","Minor Service",30990,"No",1
2512,"Spark Plugs","Major Service",49131,"Yes",5
2513,"Drive/Serpentine Belt","Major Service",79246,"Yes",4
2514,"Engine Oil & Filter","Minor Service",10484,"No",2
2515,"Brake Pads & Discs","Minor Service",34790,"Yes",4
2516,"Engine Oil & Filter","Minor Service",13095,"No",2
2517,"Engine Air Filter","Minor Service",16725,"No",2
2518,"Shocks & Struts","Major Service",87051,"Yes",3
2519,"Spark Plugs","Major Service",52914,"Yes",4
2520,"Engine Air Filter","Minor Service",21153,"No",2
2521,"Cabin Air Filter","Minor Service",20690,"No",1
2522,"Engine Oil & Filter","Minor Service",9734,"No",2
2523,"Cabin Air Filter","Minor Service",19994,"No",2
2524,"Wiper Blades","Minor Service",11033,"No",1
2525,"Spark Plugs","Major Service",60605,"Yes",3
2526,"Engine Oil & Filter","Minor Service",11954,"Yes",4
2527,"Engine Oil & Filter","Minor Service",12315,"No",1
2528,"Engine Air Filter","Minor Service",18268,"No",1
2529,"Wiper Blades","Minor Service",14665,"No",2
2530,"Wiper Blades","Minor Service",16574,"Yes",5
2531,"Cabin Air Filter","Minor Service",16073,"No",2
2532,"Wiper Blades","Minor Service",13355,"Yes",3
2533,"Engine Air Filter","Minor Service",21687,"No",1
2534,"Wiper Blades","Minor Service",15056,"Yes",5
2535,"Shocks & Struts","Major Service",102782,"Yes",4
2536,"Cabin Air Filter","Minor Service",19000,"No",1
2537,"Wiper Blades","Minor Service",18764,"No",2
2538,"Engine Air Filter","Minor Service",17228,"No",2
2539,"Engine Air Filter","Minor Service",19420,"No",1
2540,"Coolant Flush","Major Service",93490,"Yes",4
2541,"Shocks & Struts","Major Service",71312,"No",2
2542,"Brake Pads & Discs","Minor Service",36136,"Yes",5
2543,"Thermostat","Diagnostic",118746,"Yes",3
2544,"Cabin Air Filter","Minor Service",11608,"No",2
2545,"Engine Oil & Filter","Minor Service",8072,"No",2
2546,"Engine Air Filter","Minor Service",19841,"No",2
2547,"Engine Air Filter","Minor Service",24386,"No",1
2548,"Engine Oil & Filter","Minor Service",13363,"No",2
2549,"Oxygen (O2) Sensor","Diagnostic",120610,"Yes",3
2550,"Wiper Blades","Minor Service",21736,"No",1
2551,"Brake Pads & Discs","Minor Service",34093,"No",2
2552,"Engine Air Filter","Minor Service",18637,"No",1
2553,"Spark Plugs","Major Service",46758,"Yes",3
2554,"Oxygen (O2) Sensor","Diagnostic",123306,"Yes",4
2555,"Thermostat","Diagnostic",103626,"Yes",4
2556,"Brake Pads & Discs","Minor Service",41840,"No",2
2557,"Engine Air Filter","Minor Service",18188,"No",2
2558,"Transmission Fluid","Major Service",81180,"No",1
2559,"Engine Oil & Filter","Minor Service",10292,"No",2
2560,"Engine Oil & Filter","Minor Service",9869,"No",1
2561,"Cabin Air Filter","Minor Service",18075,"No",1
2562,"Engine Air Filter","Minor Service",18973,"No",2
2563,"Brake Pads & Discs","Minor Service",26715,"Yes",3
2564,"Engine Oil & Filter","Minor Service",8597,"No",1
2565,"Engine Air Filter","Minor Service",23261,"Yes",3
2566,"Oxygen (O2) Sensor","Diagnostic",134285,"Yes",5
2567,"Brake Pads & Discs","Minor Service",32017,"No",2
2568,"Engine Air Filter","Minor Service",15694,"Yes",4
2569,"Engine Oil & Filter","Minor Service",13607,"No",1
2570,"Spark Plugs","Major Service",65820,"No",1
2571,"Wiper Blades","Minor Service",13514,"Yes",5
2572,"Cabin Air Filter","Minor Service",19955,"Yes",4
2573,"Wiper Blades","Minor Service",6754,"No",2
2574,"Shocks & Struts","Major Service",76623,"No",2
2575,"Wiper Blades","Minor Service",6542,"Yes",3
2576,"Brake Pads & Discs","Minor Service",37016,"Yes",5
2577,"Engine Air Filter","Minor Service",21791,"No",2
2578,"Drive/Serpentine Belt","Major Service",71940,"Yes",4
2579,"Wiper Blades","Minor Service",10811,"No",2
2580,"Wiper Blades","Minor Service",14461,"No",1
2581,"Wiper Blades","Minor Service",13721,"Yes",3
2582,"Engine Oil & Filter","Minor Service",11137,"No",2
2583,"Engine Air Filter","Minor Service",16474,"No",1
2584,"Cabin Air Filter","Minor Service",19682,"No",2
2585,"Cabin Air Filter","Minor Service",22703,"Yes",4
2586,"Engine Oil & Filter","Minor Service",11769,"No",1
2587,"Engine Oil & Filter","Minor Service",9645,"No",1
2588,"Thermostat","Diagnostic",81987,"Yes",4
2589,"Engine Oil & Filter","Minor Service",9956,"No",2
2590,"Wiper Blades","Minor Service",7018,"No",1
2591,"Engine Air Filter","Minor Service",19838,"No",2
2592,"Cabin Air Filter","Minor Service",20785,"Yes",5
2593,"Wiper Blades","Minor Service",15467,"No",2
2594,"Brake Pads & Discs","Minor Service",32832,"Yes",5
2595,"Coolant Flush","Major Service",110967,"Yes",5
2596,"Drive/Serpentine Belt","Major Service",69022,"Yes",4
2597,"Mass Airflow Sensor","Diagnostic",87434,"Yes",3
2598,"Engine Air Filter","Minor Service",22685,"No",1
2599,"Spark Plugs","Major Service",76791,"No",2
2600,"Engine Oil & Filter","Minor Service",12049,"Yes",3
2601,"Engine Oil & Filter","Minor Service",6271,"No",2
2602,"Engine Oil & Filter","Minor Service",8140,"No",2
2603,"Mass Airflow Sensor","Diagnostic",118078,"Yes",4
2604,"Brake Pads & Discs","Minor Service",33294,"No",1
2605,"Engine Air Filter","Minor Service",23103,"No",2
2606,"Engine Air Filter","Minor Service",15835,"No",2
2607,"Brake Pads & Discs","Minor Service",31125,"Yes",4
2608,"Engine Oil & Filter","Minor Service",11964,"Yes",5
2609,"Engine Oil & Filter","Minor Service",8674,"No",2
2610,"Wiper Blades","Minor Service",13156,"No",1
2611,"Wiper Blades","Minor Service",13517,"No",2
2612,"Engine Air Filter","Minor Service",18188,"No",2
2613,"Engine Oil & Filter","Minor Service",9024,"No",2
2614,"Thermostat","Diagnostic",110376,"Yes",3
2615,"Coolant Flush","Major Service",103738,"No",2
2616,"Engine Oil & Filter","Minor Service",8082,"No",2
2617,"Mass Airflow Sensor","Diagnostic",109659,"Yes",5
2618,"Engine Oil & Filter","Minor Service",8959,"No",2
2619,"Brake Pads & Discs","Minor Service",31294,"No",1
2620,"Wiper Blades","Minor Service",7692,"Yes",5
2621,"Transmission Fluid","Major Service",77575,"No",2
2622,"Transmission Fluid","Major Service",76662,"No",1
2623,"Engine Oil & Filter","Minor Service",11172,"No",2
2624,"Brake Pads & Discs","Minor Service",46631,"Yes",4
2625,"Engine Oil & Filter","Minor Service",9187,"No",1
2626,"Drive/Serpentine Belt","Major Service",64711,"Yes",4
2627,"Engine Oil & Filter","Minor Service",8761,"No",1
2628,"Brake Pads & Discs","Minor Service",31197,"No",2
2629,"Brake Pads & Discs","Minor Service",45037,"No",2
2630,"Wiper Blades","Minor Service",18331,"No",2
2631,"Engine Air Filter","Minor Service",25181,"No",2
2632,"Engine Oil & Filter","Minor Service",14080,"No",2
2633,"Brake Pads & Discs","Minor Service",27229,"No",2
2634,"Engine Oil & Filter","Minor Service",9094,"No",1
2635,"Engine Oil & Filter","Minor Service",10546,"No",1
2636,"Engine Oil & Filter","Minor Service",10201,"Yes",3
2637,"Fuel Pump","Diagnostic",176682,"Yes",3
2638,"Brake Pads & Discs","Minor Service",26999,"No",2
2639,"Shocks & Struts","Major Service",60168,"No",2
2640,"Drive/Serpentine Belt","Major Service",62754,"No",1
2641,"Brake Pads & Discs","Minor Service",33776,"Yes",4
2642,"Oxygen (O2) Sensor","Diagnostic",112782,"Yes",4
2643,"Wiper Blades","Minor Service",19155,"No",2
2644,"Engine Air Filter","Minor Service",20918,"No",1
2645,"Cabin Air Filter","Minor Service",19847,"No",1
2646,"Wiper Blades","Minor Service",9944,"No",1
2647,"Engine Air Filter","Minor Service",21878,"Yes",5
2648,"Cabin Air Filter","Minor Service",25890,"Yes",4
2649,"Fuel Pump","Diagnostic",162134,"Yes",3
2650,"Wiper Blades","Minor Service",22237,"No",2
2651,"Wiper Blades","Minor Service",15948,"No",2
2652,"Shocks & Struts","Major Service",96185,"Yes",4
2653,"Spark Plugs","Major Service",41624,"No",2
2654,"Cabin Air Filter","Minor Service",14971,"No",1
2655,"Engine Air Filter","Minor Service",21000,"Yes",5
2656,"Alternator","Diagnostic",152295,"Yes",5
2657,"Brake Pads & Discs","Minor Service",35567,"Yes",3
2658,"Engine Oil & Filter","Minor Service",14854,"No",1
2659,"Brake Pads & Discs","Minor Service",31010,"No",2
2660,"Wiper Blades","Minor Service",10150,"No",2
2661,"Cabin Air Filter","Minor Service",19886,"Yes",3
2662,"Engine Oil & Filter","Minor Service",8303,"No",2
2663,"Cabin Air Filter","Minor Service",17670,"No",2
2664,"Alternator","Diagnostic",153708,"Yes",5
2665,"Cabin Air Filter","Minor Service",18025,"No",1
2666,"Alternator","Diagnostic",154903,"Yes",5
2667,"Thermostat","Diagnostic",97249,"Yes",3
2668,"Engine Oil & Filter","Minor Service",12115,"No",1
2669,"Shocks & Struts","Major Service",87034,"Yes",4
2670,"Engine Oil & Filter","Minor Service",7375,"No",2
2671,"Drive/Serpentine Belt","Major Service",99526,"Yes",5
2672,"Transmission Fluid","Major Service",99172,"Yes",5
2673,"Wiper Blades","Minor Service",15646,"Yes",5
2674,"Thermostat","Diagnostic",102058,"Yes",4
2675,"Shocks & Struts","Major Service",70282,"Yes",5
2676,"Engine Air Filter","Minor Service",26745,"No",1
2677,"Engine Oil & Filter","Minor Service",5876,"No",1
2678,"Engine Oil & Filter","Minor Service",11567,"No",1
2679,"Spark Plugs","Major Service",54405,"No",1
2680,"Wiper Blades","Minor Service",22490,"No",2
2681,"Coolant Flush","Major Service",86433,"No",1
2682,"Transmission Fluid","Major Service",59550,"No",1
2683,"Fuel Pump","Diagnostic",138301,"Yes",4
2684,"Engine Air Filter","Minor Service",18899,"No",2
2685,"Wiper Blades","Minor Service",19188,"No",1
2686,"Shocks & Struts","Major Service",71990,"Yes",3
2687,"Oxygen (O2) Sensor","Diagnostic",111684,"Yes",5
2688,"Brake Pads & Discs","Minor Service",38553,"Yes",3
2689,"Engine Air Filter","Minor Service",26951,"No",2
2690,"Spark Plugs","Major Service",75458,"Yes",5
2691,"Cabin Air Filter","Minor Service",20527,"Yes",3
2692,"Cabin Air Filter","Minor Service",20454,"No",2
2693,"Engine Oil & Filter","Minor Service",9168,"No",1
2694,"Engine Oil & Filter","Minor Service",6849,"Yes",3
2695,"Brake Pads & Discs","Minor Service",30982,"No",2
2696,"Transmission Fluid","Major Service",78333,"No",1
2697,"Oxygen (O2) Sensor","Diagnostic",124828,"Yes",5
2698,"Engine Air Filter","Minor Service",18076,"No",1
2699,"Engine Oil & Filter","Minor Service",11422,"No",2
2700,"Wiper Blades","Minor Service",15798,"No",1
2701,"Cabin Air Filter","Minor Service",18829,"No",2
2702,"Brake Pads & Discs","Minor Service",37329,"Yes",5
2703,"Mass Airflow Sensor","Diagnostic",145616,"Yes",4
2704,"Spark Plugs","Major Service",68288,"Yes",3
2705,"Coolant Flush","Major Service",104880,"No",2
2706,"Oxygen (O2) Sensor","Diagnostic",141695,"Yes",5
2707,"Oxygen (O2) Sensor","Diagnostic",160634,"Yes",3
2708,"Engine Air Filter","Minor Service",19844,"No",1
2709,"Drive/Serpentine Belt","Major Service",79680,"Yes",3
2710,"Engine Oil & Filter","Minor Service",14200,"No",1
2711,"Engine Oil & Filter","Minor Service",11335,"No",1
2712,"Brake Pads & Discs","Minor Service",28233,"No",1
2713,"Engine Oil & Filter","Minor Service",12271,"No",1
2714,"Cabin Air Filter","Minor Service",19589,"No",2
2715,"Mass Airflow Sensor","Diagnostic",113516,"Yes",4
2716,"Thermostat","Diagnostic",94897,"Yes",4
2717,"Engine Air Filter","Minor Service",15250,"No",1
2718,"Engine Air Filter","Minor Service",22830,"No",2
2719,"Brake Pads & Discs","Minor Service",30577,"Yes",3
2720,"Engine Oil & Filter","Minor Service",10194,"No",1
2721,"Spark Plugs","Major Service",66992,"Yes",3
2722,"Spark Plugs","Major Service",68164,"Yes",3
2723,"Cabin Air Filter","Minor Service",19634,"No",2
2724,"Engine Oil & Filter","Minor Service",8227,"No",2
2725,"Engine Oil & Filter","Minor Service",7798,"No",1
2726,"Engine Air Filter","Minor Service",20689,"No",1
2727,"Engine Air Filter","Minor Service",21078,"Yes",5
2728,"Engine Oil & Filter","Minor Service",6956,"No",2
2729,"Engine Oil & Filter","Minor Service",10434,"Yes",3
2730,"Brake Pads & Discs","Minor Service",38459,"No",2
2731,"Cabin Air Filter","Minor Service",20760,"No",1
2732,"Wiper Blades","Minor Service",19222,"No",1
2733,"Drive/Serpentine Belt","Major Service",56134,"Yes",4
2734,"Cabin Air Filter","Minor Service",17450,"No",2
2735,"Mass Airflow Sensor","Diagnostic",96732,"Yes",5
2736,"Spark Plugs","Major Service",56259,"No",2
2737,"Brake Pads & Discs","Minor Service",30820,"No",1
2738,"Spark Plugs","Major Service",61165,"No",2
2739,"Engine Oil & Filter","Minor Service",6548,"No",2
2740,"Drive/Serpentine Belt","Major Service",75181,"Yes",4
2741,"Cabin Air Filter","Minor Service",19680,"No",1
2742,"Engine Air Filter","Minor Service",19795,"No",1
2743,"Brake Pads & Discs","Minor Service",36778,"No",1
2744,"Engine Oil & Filter","Minor Service",9909,"No",2
2745,"Wiper Blades","Minor Service",13433,"Yes",3
2746,"Brake Pads & Discs","Minor Service",37939,"Yes",4
2747,"Cabin Air Filter","Minor Service",20379,"No",1
2748,"Cabin Air Filter","Minor Service",18335,"No",2
2749,"Engine Air Filter","Minor Service",15609,"No",2
2750,"Cabin Air Filter","Minor Service",20396,"Yes",4
2751,"Engine Air Filter","Minor Service",18381,"No",2
2752,"Engine Air Filter","Minor Service",19851,"No",2
2753,"Shocks & Struts","Major Service",85079,"Yes",5
2754,"Spark Plugs","Major Service",52525,"Yes",4
2755,"Engine Oil & Filter","Minor Service",6708,"No",2
2756,"Shocks & Struts","Major Service",95439,"Yes",4
2757,"Wiper Blades","Minor Service",18699,"No",1
2758,"Spark Plugs","Major Service",55659,"Yes",3
2759,"Wiper Blades","Minor Service",21081,"Yes",3
2760,"Engine Air Filter","Minor Service",18304,"Yes",4
2761,"Wiper Blades","Minor Service",25951,"No",2
2762,"Cabin Air Filter","Minor Service",21536,"No",2
2763,"Drive/Serpentine Belt","Major Service",71920,"Yes",3
2764,"Engine Air Filter","Minor Service",21003,"No",2
2765,"Cabin Air Filter","Minor Service",13253,"No",2
2766,"Spark Plugs","Major Service",70821,"Yes",3
2767,"Coolant Flush","Major Service",64372,"No",1
2768,"Coolant Flush","Major Service",115678,"Yes",4
2769,"Cabin Air Filter","Minor Service",24599,"No",2
2770,"Brake Pads & Discs","Minor Service",19841,"Yes",3
2771,"Engine Oil & Filter","Minor Service",10234,"Yes",4
2772,"Engine Oil & Filter","Minor Service",8055,"No",2
2773,"Engine Air Filter","Minor Service",14760,"No",1
2774,"Cabin Air Filter","Minor Service",17747,"No",2
2775,"Brake Pads & Discs","Minor Service",34597,"Yes",5
2776,"Engine Oil & Filter","Minor Service",11622,"No",2
2777,"Drive/Serpentine Belt","Major Service",68833,"Yes",5
2778,"Engine Oil & Filter","Minor Service",9904,"No",2
2779,"Spark Plugs","Major Service",65310,"Yes",5
2780,"Engine Air Filter","Minor Service",23441,"Yes",4
2781,"Cabin Air Filter","Minor Service",15260,"No",2
2782,"Engine Oil & Filter","Minor Service",9469,"No",1
2783,"Drive/Serpentine Belt","Major Service",70587,"Yes",5
2784,"Shocks & Struts","Major Service",82703,"Yes",3
2785,"Brake Pads & Discs","Minor Service",25713,"No",2
2786,"Drive/Serpentine Belt","Major Service",78112,"Yes",4
2787,"Spark Plugs","Major Service",59133,"Yes",4
2788,"Cabin Air Filter","Minor Service",20655,"No",1
2789,"Engine Air Filter","Minor Service",16049,"Yes",4
2790,"Cabin Air Filter","Minor Service",21875,"Yes",4
2791,"Brake Pads & Discs","Minor Service",31788,"Yes",3
2792,"Engine Oil & Filter","Minor Service",10729,"No",2
2793,"Engine Oil & Filter","Minor Service",8201,"No",1
2794,"Wiper Blades","Minor Service",7753,"No",1
2795,"Oxygen (O2) Sensor","Diagnostic",146212,"Yes",5
2796,"Fuel Pump","Diagnostic",141845,"Yes",5
2797,"Engine Air Filter","Minor Service",18317,"No",1
2798,"Engine Air Filter","Minor Service",23032,"No",2
2799,"Engine Oil & Filter","Minor Service",9275,"No",2
2800,"Oxygen (O2) Sensor","Diagnostic",120343,"Yes",4
2801,"Wiper Blades","Minor Service",16712,"No",2
2802,"Wiper Blades","Minor Service",13786,"No",2
2803,"Cabin Air Filter","Minor Service",22547,"No",2
2804,"Engine Oil & Filter","Minor Service",9246,"No",1
2805,"Thermostat","Diagnostic",124559,"Yes",4
2806,"Engine Air Filter","Minor Service",18412,"No",2
2807,"Cabin Air Filter","Minor Service",18936,"No",1
2808,"Wiper Blades","Minor Service",11664,"No",2
2809,"Engine Air Filter","Minor Service",12838,"No",1
2810,"Mass Airflow Sensor","Diagnostic",108294,"Yes",4
2811,"Shocks & Struts","Major Service",94628,"Yes",3
2812,"Shocks & Struts","Major Service",109788,"Yes",4
2813,"Engine Oil & Filter","Minor Service",10106,"No",2
2814,"Engine Oil & Filter","Minor Service",11930,"Yes",5
2815,"Brake Pads & Discs","Minor Service",31417,"Yes",4
2816,"Cabin Air Filter","Minor Service",13790,"No",2
2817,"Transmission Fluid","Major Service",80324,"No",1
2818,"Engine Oil & Filter","Minor Service",9348,"No",2
2819,"Oxygen (O2) Sensor","Diagnostic",112148,"Yes",4
2820,"Brake Pads & Discs","Minor Service",34971,"No",2
2821,"Wiper Blades","Minor Service",8784,"Yes",5
2822,"Transmission Fluid","Major Service",82619,"Yes",5
2823,"Engine Oil & Filter","Minor Service",12141,"No",1
2824,"Brake Pads & Discs","Minor Service",25409,"No",2
2825,"Wiper Blades","Minor Service",17202,"No",1
2826,"Engine Air Filter","Minor Service",16271,"No",1
2827,"Brake Pads & Discs","Minor Service",32870,"No",2
2828,"Wiper Blades","Minor Service",16809,"No",2
2829,"Cabin Air Filter","Minor Service",22738,"No",1
2830,"Engine Air Filter","Minor Service",21115,"Yes",4
2831,"Oxygen (O2) Sensor","Diagnostic",133050,"Yes",3
2832,"Engine Oil & Filter","Minor Service",10069,"No",2
2833,"Cabin Air Filter","Minor Service",22975,"Yes",3
2834,"Brake Pads & Discs","Minor Service",37397,"Yes",4
2835,"Wiper Blades","Minor Service",12375,"No",2
2836,"Wiper Blades","Minor Service",18388,"Yes",3
2837,"Oxygen (O2) Sensor","Diagnostic",139516,"Yes",5
2838,"Wiper Blades","Minor Service",14277,"No",1
2839,"Wiper Blades","Minor Service",14159,"No",2
2840,"Wiper Blades","Minor Service",12643,"No",1
2841,"Shocks & Struts","Major Service",90088,"Yes",4
2842,"Wiper Blades","Minor Service",12631,"Yes",4
2843,"Thermostat","Diagnostic",93268,"Yes",5
2844,"Shocks & Struts","Major Service",94022,"Yes",3
2845,"Oxygen (O2) Sensor","Diagnostic",134734,"Yes",5
2846,"Cabin Air Filter","Minor Service",20024,"No",2
2847,"Wiper Blades","Minor Service",12590,"No",2
2848,"Coolant Flush","Major Service",102068,"No",1
2849,"Engine Air Filter","Minor Service",18782,"No",1
2850,"Wiper Blades","Minor Service",15590,"No",2
2851,"Engine Oil & Filter","Minor Service",9077,"Yes",4
2852,"Engine Oil & Filter","Minor Service",9372,"No",2
2853,"Cabin Air Filter","Minor Service",16765,"No",2
2854,"Cabin Air Filter","Minor Service",19225,"No",1
2855,"Engine Oil & Filter","Minor Service",10450,"Yes",4
2856,"Drive/Serpentine Belt","Major Service",70032,"No",1
2857,"Cabin Air Filter","Minor Service",12650,"No",2
2858,"Engine Air Filter","Minor Service",19665,"No",2
2859,"Engine Oil & Filter","Minor Service",8050,"No",2
2860,"Engine Oil & Filter","Minor Service",13753,"No",2
2861,"Coolant Flush","Major Service",112624,"Yes",5
2862,"Thermostat","Diagnostic",102032,"Yes",5
2863,"Spark Plugs","Major Service",67653,"Yes",3
2864,"Engine Air Filter","Minor Service",13076,"No",2
2865,"Transmission Fluid","Major Service",64169,"No",2
2866,"Engine Oil & Filter","Minor Service",8361,"No",1
2867,"Transmission Fluid","Major Service",85697,"No",1
2868,"Thermostat","Diagnostic",93182,"Yes",5
2869,"Drive/Serpentine Belt","Major Service",50558,"Yes",3
2870,"Wiper Blades","Minor Service",18274,"Yes",3
2871,"Wiper Blades","Minor Service",8740,"No",1
2872,"Cabin Air Filter","Minor Service",24057,"No",2
2873,"Wiper Blades","Minor Service",15509,"No",2
2874,"Engine Air Filter","Minor Service",23823,"No",2
2875,"Engine Air Filter","Minor Service",22752,"Yes",5
2876,"Brake Pads & Discs","Minor Service",31883,"No",2
2877,"Brake Pads & Discs","Minor Service",27379,"No",1
2878,"Brake Pads & Discs","Minor Service",35730,"Yes",5
2879,"Cabin Air Filter","Minor Service",18808,"Yes",3
2880,"Engine Air Filter","Minor Service",23416,"Yes",5
2881,"Engine Air Filter","Minor Service",17089,"No",1
2882,"Engine Oil & Filter","Minor Service",10777,"No",2
2883,"Engine Air Filter","Minor Service",16131,"Yes",5
2884,"Cabin Air Filter","Minor Service",22683,"No",2
2885,"Cabin Air Filter","Minor Service",18562,"No",2
2886,"Alternator","Diagnostic",113087,"Yes",4
2887,"Wiper Blades","Minor Service",14237,"No",2
2888,"Engine Oil & Filter","Minor Service",8790,"No",2
2889,"Wiper Blades","Minor Service",15670,"Yes",3
2890,"Coolant Flush","Major Service",84725,"No",1
2891,"Engine Air Filter","Minor Service",20503,"Yes",5
2892,"Brake Pads & Discs","Minor Service",31280,"No",1
2893,"Engine Oil & Filter","Minor Service",6786,"No",2
2894,"Mass Airflow Sensor","Diagnostic",143056,"Yes",3
2895,"Engine Air Filter","Minor Service",19144,"No",2
2896,"Wiper Blades","Minor Service",16774,"No",2
2897,"Cabin Air Filter","Minor Service",16302,"No",1
2898,"Engine Oil & Filter","Minor Service",9858,"No",1
2899,"Drive/Serpentine Belt","Major Service",80488,"Yes",4
2900,"Wiper Blades","Minor Service",6546,"No",2
2901,"Brake Pads & Discs","Minor Service",31113,"No",2
2902,"Thermostat","Diagnostic",121855,"Yes",3
2903,"Engine Oil & Filter","Minor Service",13018,"No",1
2904,"Cabin Air Filter","Minor Service",19644,"No",1
2905,"Engine Air Filter","Minor Service",24097,"No",1
2906,"Cabin Air Filter","Minor Service",18418,"No",1
2907,"Wiper Blades","Minor Service",11686,"No",2
2908,"Cabin Air Filter","Minor Service",18085,"No",2
2909,"Brake Pads & Discs","Minor Service",31186,"Yes",3
2910,"Brake Pads & Discs","Minor Service",28864,"Yes",5
2911,"Brake Pads & Discs","Minor Service",34205,"No",2
2912,"Wiper Blades","Minor Service",13493,"No",1
2913,"Cabin Air Filter","Minor Service",26299,"No",1
2914,"Coolant Flush","Major Service",104991,"No",1
2915,"Engine Air Filter","Minor Service",15903,"No",1
2916,"Wiper Blades","Minor Service",10051,"No",2
2917,"Engine Oil & Filter","Minor Service",13394,"No",2
2918,"Cabin Air Filter","Minor Service",19464,"No",2
2919,"Transmission Fluid","Major Service",73684,"No",2
2920,"Cabin Air Filter","Minor Service",20232,"Yes",5
2921,"Spark Plugs","Major Service",60907,"Yes",4
2922,"Cabin Air Filter","Minor Service",16032,"No",2
2923,"Mass Airflow Sensor","Diagnostic",125470,"Yes",3
2924,"Cabin Air Filter","Minor Service",19728,"No",1
2925,"Cabin Air Filter","Minor Service",18651,"Yes",4
2926,"Wiper Blades","Minor Service",14862,"No",2
2927,"Engine Oil & Filter","Minor Service",10462,"No",2
2928,"Engine Oil & Filter","Minor Service",6511,"No",2
2929,"Drive/Serpentine Belt","Major Service",71232,"Yes",3
2930,"Wiper Blades","Minor Service",8277,"Yes",3
2931,"Spark Plugs","Major Service",50296,"Yes",3
2932,"Spark Plugs","Major Service",56217,"No",1
2933,"Cabin Air Filter","Minor Service",21342,"No",1
2934,"Wiper Blades","Minor Service",11693,"Yes",4
2935,"Engine Air Filter","Minor Service",18957,"Yes",4
2936,"Alternator","Diagnostic",139659,"Yes",5
2937,"Engine Oil & Filter","Minor Service",9736,"No",2
2938,"Brake Pads & Discs","Minor Service",39193,"Yes",4
2939,"Thermostat","Diagnostic",120075,"Yes",3
2940,"Transmission Fluid","Major Service",77217,"Yes",4
2941,"Oxygen (O2) Sensor","Diagnostic",138454,"Yes",5
2942,"Transmission Fluid","Major Service",79009,"Yes",5
2943,"Shocks & Struts","Major Service",93032,"Yes",5
2944,"Engine Oil & Filter","Minor Service",12807,"No",1
2945,"Wiper Blades","Minor Service",10214,"No",1
2946,"Drive/Serpentine Belt","Major Service",78983,"Yes",5
2947,"Drive/Serpentine Belt","Major Service",65071,"Yes",4
2948,"Cabin Air Filter","Minor Service",19564,"No",2
2949,"Engine Air Filter","Minor Service",16693,"Yes",3
2950,"Cabin Air Filter","Minor Service",23307,"No",2
2951,"Brake Pads & Discs","Minor Service",41196,"Yes",4
2952,"Engine Oil & Filter","Minor Service",11989,"Yes",4
2953,"Engine Oil & Filter","Minor Service",11528,"No",1
2954,"Brake Pads & Discs","Minor Service",37062,"Yes",5
2955,"Brake Pads & Discs","Minor Service",30421,"No",2
2956,"Mass Airflow Sensor","Diagnostic",106472,"Yes",4
2957,"Wiper Blades","Minor Service",14392,"No",2
2958,"Shocks & Struts","Major Service",92408,"Yes",4
2959,"Cabin Air Filter","Minor Service",16672,"No",1
2960,"Brake Pads & Discs","Minor Service",38065,"Yes",5
2961,"Wiper Blades","Minor Service",12954,"No",1
2962,"Wiper Blades","Minor Service",13638,"No",1
2963,"Cabin Air Filter","Minor Service",24392,"Yes",5
2964,"Shocks & Struts","Major Service",76328,"Yes",4
2965,"Coolant Flush","Major Service",92356,"No",1
2966,"Engine Air Filter","Minor Service",22359,"No",1
2967,"Wiper Blades","Minor Service",12100,"Yes",4
2968,"Engine Oil & Filter","Minor Service",6083,"No",2
2969,"Cabin Air Filter","Minor Service",26301,"No",2
2970,"Cabin Air Filter","Minor Service",22085,"No",2
2971,"Engine Oil & Filter","Minor Service",7398,"No",1
2972,"Engine Oil & Filter","Minor Service",11634,"No",1
2973,"Engine Oil & Filter","Minor Service",8528,"No",1
2974,"Cabin Air Filter","Minor Service",20742,"No",2
2975,"Wiper Blades","Minor Service",16937,"No",1
2976,"Engine Air Filter","Minor Service",18081,"No",2
2977,"Fuel Pump","Diagnostic",175492,"Yes",3
2978,"Brake Pads & Discs","Minor Service",33151,"Yes",5
2979,"Cabin Air Filter","Minor Service",24121,"No",1
2980,"Wiper Blades","Minor Service",14255,"Yes",3
2981,"Engine Oil & Filter","Minor Service",9039,"No",1
2982,"Engine Oil & Filter","Minor Service",10103,"No",1
2983,"Cabin Air Filter","Minor Service",20523,"No",2
2984,"Engine Air Filter","Minor Service",21007,"Yes",3
2985,"Shocks & Struts","Major Service",84313,"Yes",4
2986,"Brake Pads & Discs","Minor Service",42856,"No",2
2987,"Cabin Air Filter","Minor Service",19211,"Yes",3
2988,"Thermostat","Diagnostic",109269,"Yes",5
2989,"Cabin Air Filter","Minor Service",25742,"Yes",3
2990,"Engine Oil & Filter","Minor Service",10103,"No",2
2991,"Cabin Air Filter","Minor Service",14771,"No",1
2992,"Spark Plugs","Major Service",60221,"Yes",3
2993,"Engine Oil & Filter","Minor Service",12567,"No",2
2994,"Wiper Blades","Minor Service",12162,"No",2
2995,"Wiper Blades","Minor Service",13119,"No",1
2996,"Cabin Air Filter","Minor Service",21082,"No",1
2997,"Cabin Air Filter","Minor Service",22469,"No",1
2998,"Brake Pads & Discs","Minor Service",36121,"No",1
2999,"Engine Oil & Filter","Minor Service",11622,"Yes",4
3000,"Engine Oil & Filter","Minor Service",10455,"No",1
3001,"Engine Oil & Filter","Minor Service",11665,"Yes",4
3002,"Engine Air Filter","Minor Service",17461,"No",1
3003,"Engine Oil & Filter","Minor Service",10610,"No",2
3004,"Brake Pads & Discs","Minor Service",38920,"No",2
3005,"Thermostat","Diagnostic",87942,"Yes",3
3006,"Engine Oil & Filter","Minor Service",11807,"No",2
3007,"Engine Oil & Filter","Minor Service",10785,"Yes",5
3008,"Engine Oil & Filter","Minor Service",10880,"Yes",5
3009,"Brake Pads & Discs","Minor Service",35601,"No",2
3010,"Engine Oil & Filter","Minor Service",9830,"No",2
3011,"Cabin Air Filter","Minor Service",19866,"Yes",4
3012,"Wiper Blades","Minor Service",18588,"Yes",3
3013,"Engine Oil & Filter","Minor Service",9840,"No",1
3014,"Wiper Blades","Minor Service",19538,"No",2
3015,"Cabin Air Filter","Minor Service",13629,"No",2
3016,"Engine Oil & Filter","Minor Service",9049,"No",1
3017,"Brake Pads & Discs","Minor Service",38738,"Yes",3
3018,"Cabin Air Filter","Minor Service",21393,"No",1
3019,"Drive/Serpentine Belt","Major Service",67472,"Yes",5
3020,"Shocks & Struts","Major Service",79901,"Yes",3
3021,"Brake Pads & Discs","Minor Service",34686,"No",1
3022,"Engine Air Filter","Minor Service",18645,"No",1
3023,"Spark Plugs","Major Service",62427,"No",2
3024,"Transmission Fluid","Major Service",88613,"No",1
3025,"Alternator","Diagnostic",135981,"Yes",3
3026,"Drive/Serpentine Belt","Major Service",68146,"Yes",3
3027,"Wiper Blades","Minor Service",17899,"No",1
3028,"Engine Air Filter","Minor Service",18838,"No",2
3029,"Engine Air Filter","Minor Service",15964,"No",1
3030,"Brake Pads & Discs","Minor Service",37527,"Yes",4
3031,"Wiper Blades","Minor Service",12548,"No",2
3032,"Spark Plugs","Major Service",56565,"No",1
3033,"Shocks & Struts","Major Service",83647,"Yes",3
3034,"Engine Air Filter","Minor Service",17771,"No",2
3035,"Engine Oil & Filter","Minor Service",7813,"No",2
3036,"Brake Pads & Discs","Minor Service",38173,"Yes",5
3037,"Thermostat","Diagnostic",123973,"Yes",3
3038,"Engine Air Filter","Minor Service",23674,"Yes",5
3039,"Engine Oil & Filter","Minor Service",12508,"No",2
3040,"Cabin Air Filter","Minor Service",20170,"Yes",5
3041,"Cabin Air Filter","Minor Service",22268,"No",2
3042,"Engine Oil & Filter","Minor Service",9872,"No",2
3043,"Brake Pads & Discs","Minor Service",39792,"Yes",5
3044,"Engine Air Filter","Minor Service",21348,"No",2
3045,"Cabin Air Filter","Minor Service",22374,"Yes",5
3046,"Wiper Blades","Minor Service",12927,"Yes",4
3047,"Engine Oil & Filter","Minor Service",11529,"Yes",4
3048,"Cabin Air Filter","Minor Service",18762,"No",2
3049,"Brake Pads & Discs","Minor Service",32226,"Yes",4
3050,"Engine Air Filter","Minor Service",23796,"No",2
3051,"Wiper Blades","Minor Service",11897,"No",2
3052,"Cabin Air Filter","Minor Service",19714,"No",1
3053,"Engine Oil & Filter","Minor Service",12828,"Yes",4
3054,"Brake Pads & Discs","Minor Service",32985,"Yes",3
3055,"Wiper Blades","Minor Service",19110,"No",1
3056,"Cabin Air Filter","Minor Service",21921,"No",2
3057,"Cabin Air Filter","Minor Service",16790,"No",2
3058,"Wiper Blades","Minor Service",8551,"No",2
3059,"Engine Air Filter","Minor Service",21114,"No",1
3060,"Drive/Serpentine Belt","Major Service",67932,"No",1
3061,"Coolant Flush","Major Service",130301,"Yes",5
3062,"Spark Plugs","Major Service",58649,"Yes",5
3063,"Engine Oil & Filter","Minor Service",9934,"No",2
3064,"Wiper Blades","Minor Service",11093,"No",1
3065,"Engine Oil & Filter","Minor Service",10807,"No",1
3066,"Cabin Air Filter","Minor Service",22894,"Yes",3
3067,"Wiper Blades","Minor Service",15633,"No",1
3068,"Engine Air Filter","Minor Service",20274,"No",2
3069,"Drive/Serpentine Belt","Major Service",73094,"Yes",5
3070,"Engine Oil & Filter","Minor Service",8078,"No",1
3071,"Cabin Air Filter","Minor Service",23306,"Yes",3
3072,"Cabin Air Filter","Minor Service",18801,"No",1
3073,"Wiper Blades","Minor Service",21340,"Yes",3
3074,"Engine Oil & Filter","Minor Service",10387,"No",2
3075,"Wiper Blades","Minor Service",17245,"No",2
3076,"Wiper Blades","Minor Service",12187,"No",1
3077,"Cabin Air Filter","Minor Service",19639,"Yes",5
3078,"Engine Oil & Filter","Minor Service",11250,"No",2
3079,"Wiper Blades","Minor Service",14797,"No",2
3080,"Wiper Blades","Minor Service",22233,"No",1
3081,"Engine Air Filter","Minor Service",27230,"No",2
3082,"Engine Oil & Filter","Minor Service",7559,"No",2
3083,"Engine Oil & Filter","Minor Service",11520,"Yes",3
3084,"Spark Plugs","Major Service",52914,"No",1
3085,"Mass Airflow Sensor","Diagnostic",110330,"Yes",4
3086,"Engine Oil & Filter","Minor Service",9587,"No",1
3087,"Wiper Blades","Minor Service",22207,"Yes",4
3088,"Engine Air Filter","Minor Service",17842,"No",2
3089,"Fuel Pump","Diagnostic",93010,"Yes",3
3090,"Shocks & Struts","Major Service",90698,"Yes",5
3091,"Engine Air Filter","Minor Service",17536,"No",2
3092,"Brake Pads & Discs","Minor Service",30453,"No",2
3093,"Coolant Flush","Major Service",113614,"Yes",5
3094,"Engine Oil & Filter","Minor Service",12720,"No",1
3095,"Engine Oil & Filter","Minor Service",12858,"No",2
3096,"Drive/Serpentine Belt","Major Service",68951,"Yes",5
3097,"Wiper Blades","Minor Service",13444,"No",1
3098,"Engine Air Filter","Minor Service",19086,"No",2
3099,"Cabin Air Filter","Minor Service",19721,"No",1
3100,"Oxygen (O2) Sensor","Diagnostic",93912,"Yes",3
3101,"Wiper Blades","Minor Service",16678,"Yes",5
3102,"Wiper Blades","Minor Service",7790,"Yes",3
3103,"Brake Pads & Discs","Minor Service",43299,"Yes",5
3104,"Oxygen (O2) Sensor","Diagnostic",86927,"Yes",3
3105,"Engine Air Filter","Minor Service",20707,"No",2
3106,"Wiper Blades","Minor Service",8520,"No",2
3107,"Engine Air Filter","Minor Service",21645,"No",1
3108,"Cabin Air Filter","Minor Service",25423,"No",2
3109,"Brake Pads & Discs","Minor Service",28785,"No",2
3110,"Coolant Flush","Major Service",107750,"Yes",4
3111,"Wiper Blades","Minor Service",16243,"Yes",5
3112,"Engine Air Filter","Minor Service",15721,"No",1
3113,"Wiper Blades","Minor Service",16415,"Yes",3
3114,"Engine Oil & Filter","Minor Service",6931,"No",2
3115,"Engine Oil & Filter","Minor Service",9366,"No",1
3116,"Cabin Air Filter","Minor Service",19802,"No",1
3117,"Engine Oil & Filter","Minor Service",12431,"No",1
3118,"Brake Pads & Discs","Minor Service",26522,"No",2
3119,"Wiper Blades","Minor Service",10656,"No",2
3120,"Engine Oil & Filter","Minor Service",5220,"No",2
3121,"Engine Oil & Filter","Minor Service",9789,"Yes",4
3122,"Engine Oil & Filter","Minor Service",10080,"Yes",4
3123,"Wiper Blades","Minor Service",9520,"No",1
3124,"Drive/Serpentine Belt","Major Service",74968,"Yes",3
3125,"Brake Pads & Discs","Minor Service",46729,"Yes",3
3126,"Cabin Air Filter","Minor Service",18806,"No",1
3127,"Engine Oil & Filter","Minor Service",10733,"Yes",3
3128,"Cabin Air Filter","Minor Service",18887,"No",1
3129,"Wiper Blades","Minor Service",6501,"No",2
3130,"Brake Pads & Discs","Minor Service",32668,"Yes",3
3131,"Engine Air Filter","Minor Service",20080,"No",2
3132,"Engine Air Filter","Minor Service",12712,"No",2
3133,"Oxygen (O2) Sensor","Diagnostic",114382,"Yes",3
3134,"Brake Pads & Discs","Minor Service",36243,"Yes",4
3135,"Brake Pads & Discs","Minor Service",32332,"Yes",4
3136,"Transmission Fluid","Major Service",80593,"No",2
3137,"Transmission Fluid","Major Service",84778,"No",1
3138,"Wiper Blades","Minor Service",10710,"No",2
3139,"Engine Oil & Filter","Minor Service",9190,"No",1
3140,"Oxygen (O2) Sensor","Diagnostic",143758,"Yes",5
3141,"Wiper Blades","Minor Service",13256,"Yes",4
3142,"Brake Pads & Discs","Minor Service",36829,"No",1
3143,"Wiper Blades","Minor Service",18403,"Yes",4
3144,"Engine Air Filter","Minor Service",18472,"No",2
3145,"Cabin Air Filter","Minor Service",23252,"Yes",3
3146,"Engine Air Filter","Minor Service",20039,"No",2
3147,"Engine Air Filter","Minor Service",22999,"Yes",4
3148,"Spark Plugs","Major Service",64681,"Yes",5
3149,"Spark Plugs","Major Service",53814,"No",1
3150,"Coolant Flush","Major Service",69716,"No",1
3151,"Cabin Air Filter","Minor Service",20512,"No",1
3152,"Engine Oil & Filter","Minor Service",8766,"No",2
3153,"Engine Oil & Filter","Minor Service",6520,"No",1
3154,"Engine Air Filter","Minor Service",14779,"No",1
3155,"Brake Pads & Discs","Minor Service",36676,"Yes",4
3156,"Transmission Fluid","Major Service",82365,"No",1
3157,"Engine Air Filter","Minor Service",18558,"No",2
3158,"Cabin Air Filter","Minor Service",14373,"No",1
3159,"Shocks & Struts","Major Service",86944,"Yes",4
3160,"Cabin Air Filter","Minor Service",18681,"No",1
3161,"Wiper Blades","Minor Service",17213,"Yes",4
3162,"Engine Oil & Filter","Minor Service",12377,"No",1
3163,"Shocks & Struts","Major Service",97466,"Yes",3
3164,"Transmission Fluid","Major Service",72570,"No",2
3165,"Brake Pads & Discs","Minor Service",34900,"No",1
3166,"Brake Pads & Discs","Minor Service",41575,"Yes",4
3167,"Drive/Serpentine Belt","Major Service",65024,"No",1
3168,"Cabin Air Filter","Minor Service",19232,"No",1
3169,"Engine Air Filter","Minor Service",22931,"No",2
3170,"Spark Plugs","Major Service",61555,"Yes",4
3171,"Shocks & Struts","Major Service",85591,"Yes",3
3172,"Drive/Serpentine Belt","Major Service",61536,"Yes",5
3173,"Shocks & Struts","Major Service",89681,"No",2
3174,"Cabin Air Filter","Minor Service",20479,"No",1
3175,"Wiper Blades","Minor Service",5732,"No",2
3176,"Wiper Blades","Minor Service",21629,"Yes",4
3177,"Wiper Blades","Minor Service",13799,"Yes",4
3178,"Cabin Air Filter","Minor Service",19062,"No",2
3179,"Engine Oil & Filter","Minor Service",7470,"No",1
3180,"Brake Pads & Discs","Minor Service",31773,"Yes",4
3181,"Transmission Fluid","Major Service",76042,"No",2
3182,"Engine Air Filter","Minor Service",26882,"No",2
3183,"Wiper Blades","Minor Service",15424,"No",2
3184,"Cabin Air Filter","Minor Service",18550,"No",1
3185,"Engine Air Filter","Minor Service",19401,"No",2
3186,"Brake Pads & Discs","Minor Service",39478,"No",2
3187,"Wiper Blades","Minor Service",14128,"No",1
3188,"Drive/Serpentine Belt","Major Service",74396,"No",2
3189,"Drive/Serpentine Belt","Major Service",61873,"No",1
3190,"Cabin Air Filter","Minor Service",20708,"No",1
3191,"Cabin Air Filter","Minor Service",20542,"No",2
3192,"Wiper Blades","Minor Service",13492,"Yes",5
3193,"Wiper Blades","Minor Service",15281,"No",1
3194,"Engine Oil & Filter","Minor Service",7362,"No",2
3195,"Engine Air Filter","Minor Service",22409,"No",2
3196,"Brake Pads & Discs","Minor Service",33947,"No",1
3197,"Engine Air Filter","Minor Service",16532,"No",1
3198,"Spark Plugs","Major Service",51624,"No",2
3199,"Oxygen (O2) Sensor","Diagnostic",123717,"Yes",4
3200,"Cabin Air Filter","Minor Service",18217,"No",2
3201,"Engine Air Filter","Minor Service",21257,"No",1
3202,"Engine Air Filter","Minor Service",23985,"No",1
3203,"Cabin Air Filter","Minor Service",19154,"No",2
3204,"Fuel Pump","Diagnostic",146502,"Yes",3
3205,"Wiper Blades","Minor Service",15247,"No",1
3206,"Mass Airflow Sensor","Diagnostic",110872,"Yes",3
3207,"Coolant Flush","Major Service",100887,"Yes",5
3208,"Fuel Pump","Diagnostic",124873,"Yes",3
3209,"Wiper Blades","Minor Service",15930,"No",2
3210,"Brake Pads & Discs","Minor Service",34091,"No",2
3211,"Drive/Serpentine Belt","Major Service",61893,"No",2
3212,"Coolant Flush","Major Service",88415,"No",2
3213,"Engine Oil & Filter","Minor Service",11413,"No",2
3214,"Fuel Pump","Diagnostic",191346,"Yes",5
3215,"Cabin Air Filter","Minor Service",17588,"No",1
3216,"Coolant Flush","Major Service",76213,"No",2
3217,"Engine Air Filter","Minor Service",24157,"Yes",3
3218,"Engine Oil & Filter","Minor Service",12621,"Yes",3
3219,"Wiper Blades","Minor Service",13330,"Yes",4
3220,"Engine Oil & Filter","Minor Service",8346,"No",1
3221,"Cabin Air Filter","Minor Service",15853,"No",2
3222,"Engine Oil & Filter","Minor Service",13301,"No",1
3223,"Brake Pads & Discs","Minor Service",39686,"Yes",4
3224,"Engine Oil & Filter","Minor Service",9383,"No",1
3225,"Drive/Serpentine Belt","Major Service",70041,"No",2
3226,"Cabin Air Filter","Minor Service",16784,"No",2
3227,"Wiper Blades","Minor Service",11739,"No",1
3228,"Engine Oil & Filter","Minor Service",11977,"No",1
3229,"Wiper Blades","Minor Service",16384,"Yes",5
3230,"Engine Oil & Filter","Minor Service",10271,"No",1
3231,"Drive/Serpentine Belt","Major Service",74211,"Yes",4
3232,"Cabin Air Filter","Minor Service",20319,"Yes",4
3233,"Cabin Air Filter","Minor Service",16389,"No",2
3234,"Drive/Serpentine Belt","Major Service",63535,"Yes",4
3235,"Brake Pads & Discs","Minor Service",40755,"No",2
3236,"Brake Pads & Discs","Minor Service",22950,"No",1
3237,"Cabin Air Filter","Minor Service",19317,"Yes",5
3238,"Brake Pads & Discs","Minor Service",33448,"No",2
3239,"Wiper Blades","Minor Service",14395,"No",2
3240,"Engine Air Filter","Minor Service",22141,"No",2
3241,"Brake Pads & Discs","Minor Service",23983,"No",1
3242,"Brake Pads & Discs","Minor Service",30668,"No",2
3243,"Transmission Fluid","Major Service",86449,"No",2
3244,"Wiper Blades","Minor Service",9878,"No",1
3245,"Brake Pads & Discs","Minor Service",28602,"No",2
3246,"Wiper Blades","Minor Service",20539,"No",2
3247,"Engine Oil & Filter","Minor Service",11315,"No",2
3248,"Brake Pads & Discs","Minor Service",37438,"No",1
3249,"Engine Oil & Filter","Minor Service",8494,"No",1
3250,"Wiper Blades","Minor Service",14009,"No",2
3251,"Brake Pads & Discs","Minor Service",36898,"Yes",4
3252,"Brake Pads & Discs","Minor Service",37558,"No",1
3253,"Engine Air Filter","Minor Service",21423,"No",1
3254,"Wiper Blades","Minor Service",22174,"Yes",3
3255,"Thermostat","Diagnostic",122399,"Yes",4
3256,"Cabin Air Filter","Minor Service",23864,"No",2
3257,"Wiper Blades","Minor Service",16152,"Yes",4
3258,"Shocks & Struts","Major Service",91955,"Yes",4
3259,"Engine Air Filter","Minor Service",21861,"Yes",4
3260,"Spark Plugs","Major Service",46534,"No",1
3261,"Engine Air Filter","Minor Service",18204,"No",1
3262,"Engine Oil & Filter","Minor Service",9820,"No",2
3263,"Engine Air Filter","Minor Service",20017,"No",2
3264,"Cabin Air Filter","Minor Service",17593,"No",1
3265,"Engine Oil & Filter","Minor Service",7688,"No",2
3266,"Wiper Blades","Minor Service",8864,"No",2
3267,"Cabin Air Filter","Minor Service",17389,"No",1
3268,"Engine Oil & Filter","Minor Service",7693,"No",2
3269,"Shocks & Struts","Major Service",100302,"Yes",5
3270,"Engine Air Filter","Minor Service",22735,"No",1
3271,"Wiper Blades","Minor Service",11714,"No",1
3272,"Shocks & Struts","Major Service",112563,"Yes",5
3273,"Engine Air Filter","Minor Service",23547,"No",1
3274,"Wiper Blades","Minor Service",11151,"No",2
3275,"Engine Air Filter","Minor Service",21256,"No",2
3276,"Spark Plugs","Major Service",49209,"No",2
3277,"Brake Pads & Discs","Minor Service",30861,"No",1
3278,"Shocks & Struts","Major Service",67071,"No",1
3279,"Alternator","Diagnostic",137507,"Yes",3
3280,"Wiper Blades","Minor Service",13089,"No",2
3281,"Engine Oil & Filter","Minor Service",11825,"No",1
3282,"Engine Oil & Filter","Minor Service",14465,"No",2
3283,"Thermostat","Diagnostic",99738,"Yes",5
3284,"Engine Oil & Filter","Minor Service",12901,"Yes",5
3285,"Engine Oil & Filter","Minor Service",13814,"No",1
3286,"Wiper Blades","Minor Service",15596,"No",1
3287,"Coolant Flush","Major Service",90580,"No",1
3288,"Brake Pads & Discs","Minor Service",36607,"No",1
3289,"Cabin Air Filter","Minor Service",18468,"No",1
3290,"Engine Oil & Filter","Minor Service",11861,"No",2
3291,"Brake Pads & Discs","Minor Service",34594,"Yes",4
3292,"Engine Oil & Filter","Minor Service",8543,"No",1
3293,"Wiper Blades","Minor Service",6208,"No",1
3294,"Wiper Blades","Minor Service",16258,"Yes",4
3295,"Brake Pads & Discs","Minor Service",30211,"No",2
3296,"Spark Plugs","Major Service",59239,"Yes",3
3297,"Cabin Air Filter","Minor Service",18633,"No",1
3298,"Wiper Blades","Minor Service",13986,"No",2
3299,"Engine Oil & Filter","Minor Service",12095,"No",2
3300,"Cabin Air Filter","Minor Service",20033,"No",1
3301,"Engine Air Filter","Minor Service",19929,"No",2
3302,"Thermostat","Diagnostic",111645,"Yes",5
3303,"Engine Oil & Filter","Minor Service",8842,"No",1
3304,"Engine Air Filter","Minor Service",19128,"No",1
3305,"Wiper Blades","Minor Service",19271,"Yes",3
3306,"Engine Air Filter","Minor Service",19774,"Yes",4
3307,"Engine Oil & Filter","Minor Service",15180,"No",1
3308,"Engine Air Filter","Minor Service",18789,"No",1
3309,"Engine Air Filter","Minor Service",19873,"Yes",5
3310,"Wiper Blades","Minor Service",12728,"No",2
3311,"Cabin Air Filter","Minor Service",17515,"No",1
3312,"Engine Oil & Filter","Minor Service",9220,"No",2
3313,"Engine Air Filter","Minor Service",16788,"No",1
3314,"Drive/Serpentine Belt","Major Service",66779,"No",2
3315,"Spark Plugs","Major Service",74208,"Yes",5
3316,"Cabin Air Filter","Minor Service",22242,"No",1
3317,"Engine Air Filter","Minor Service",16902,"No",2
3318,"Transmission Fluid","Major Service",69514,"No",2
3319,"Spark Plugs","Major Service",57264,"Yes",5
3320,"Brake Pads & Discs","Minor Service",33687,"No",2
3321,"Brake Pads & Discs","Minor Service",43378,"Yes",3
3322,"Engine Oil & Filter","Minor Service",10224,"No",1
3323,"Wiper Blades","Minor Service",12774,"No",1
3324,"Wiper Blades","Minor Service",16944,"No",2
3325,"Engine Air Filter","Minor Service",16448,"No",2
3326,"Engine Air Filter","Minor Service",24809,"No",1
3327,"Wiper Blades","Minor Service",14882,"No",2
3328,"Engine Air Filter","Minor Service",16290,"No",1
3329,"Wiper Blades","Minor Service",14905,"No",2
3330,"Brake Pads & Discs","Minor Service",37819,"No",2
3331,"Drive/Serpentine Belt","Major Service",78058,"Yes",4
3332,"Cabin Air Filter","Minor Service",22782,"Yes",4
3333,"Cabin Air Filter","Minor Service",22726,"No",1
3334,"Drive/Serpentine Belt","Major Service",72203,"No",2
3335,"Engine Oil & Filter","Minor Service",6499,"No",2
3336,"Spark Plugs","Major Service",70784,"No",2
3337,"Engine Air Filter","Minor Service",16960,"No",2
3338,"Cabin Air Filter","Minor Service",17037,"No",2
3339,"Spark Plugs","Major Service",63926,"Yes",3
3340,"Engine Oil & Filter","Minor Service",6258,"No",1
3341,"Engine Oil & Filter","Minor Service",8011,"No",1
3342,"Wiper Blades","Minor Service",14613,"No",1
3343,"Brake Pads & Discs","Minor Service",37685,"No",1
3344,"Brake Pads & Discs","Minor Service",33809,"No",1
3345,"Spark Plugs","Major Service",56237,"Yes",4
3346,"Brake Pads & Discs","Minor Service",39469,"No",2
3347,"Cabin Air Filter","Minor Service",18912,"No",1
3348,"Engine Air Filter","Minor Service",21283,"Yes",4
3349,"Spark Plugs","Major Service",63866,"No",2
3350,"Engine Oil & Filter","Minor Service",9980,"No",1
3351,"Wiper Blades","Minor Service",16099,"Yes",3
3352,"Coolant Flush","Major Service",110752,"Yes",4
3353,"Cabin Air Filter","Minor Service",22157,"No",2
3354,"Engine Oil & Filter","Minor Service",14380,"No",1
3355,"Engine Oil & Filter","Minor Service",5762,"No",1
3356,"Engine Oil & Filter","Minor Service",11489,"Yes",3
3357,"Engine Air Filter","Minor Service",23234,"Yes",3
3358,"Spark Plugs","Major Service",63762,"No",1
3359,"Wiper Blades","Minor Service",22389,"Yes",4
3360,"Transmission Fluid","Major Service",83973,"Yes",3
3361,"Oxygen (O2) Sensor","Diagnostic",107778,"Yes",3
3362,"Mass Airflow Sensor","Diagnostic",105605,"Yes",3
3363,"Wiper Blades","Minor Service",8639,"No",1
3364,"Brake Pads & Discs","Minor Service",33601,"No",1
3365,"Engine Air Filter","Minor Service",20164,"Yes",5
3366,"Coolant Flush","Major Service",118295,"No",1
3367,"Brake Pads & Discs","Minor Service",32429,"No",1
3368,"Engine Oil & Filter","Minor Service",8098,"No",2
3369,"Engine Air Filter","Minor Service",22556,"Yes",5
3370,"Wiper Blades","Minor Service",10441,"No",2
3371,"Wiper Blades","Minor Service",13970,"No",2
3372,"Oxygen (O2) Sensor","Diagnostic",86367,"Yes",5
3373,"Shocks & Struts","Major Service",103211,"Yes",5
3374,"Engine Oil & Filter","Minor Service",7282,"No",2
3375,"Thermostat","Diagnostic",81301,"Yes",4
3376,"Drive/Serpentine Belt","Major Service",88278,"Yes",5
3377,"Brake Pads & Discs","Minor Service",29217,"Yes",5
3378,"Wiper Blades","Minor Service",11657,"Yes",3
3379,"Wiper Blades","Minor Service",12291,"No",1
3380,"Wiper Blades","Minor Service",10172,"No",1
3381,"Wiper Blades","Minor Service",8488,"No",1
3382,"Engine Oil & Filter","Minor Service",14731,"No",2
3383,"Wiper Blades","Minor Service",11225,"No",1
3384,"Drive/Serpentine Belt","Major Service",75138,"Yes",5
3385,"Engine Oil & Filter","Minor Service",8264,"No",1
3386,"Spark Plugs","Major Service",59343,"No",1
3387,"Brake Pads & Discs","Minor Service",34471,"Yes",3
3388,"Engine Air Filter","Minor Service",24976,"Yes",4
3389,"Wiper Blades","Minor Service",8589,"Yes",3
3390,"Spark Plugs","Major Service",57309,"Yes",3
3391,"Spark Plugs","Major Service",52291,"Yes",5
3392,"Engine Oil & Filter","Minor Service",9767,"No",1
3393,"Transmission Fluid","Major Service",84673,"Yes",3
3394,"Brake Pads & Discs","Minor Service",29551,"No",2
3395,"Wiper Blades","Minor Service",14843,"Yes",3
3396,"Shocks & Struts","Major Service",79184,"Yes",3
3397,"Engine Oil & Filter","Minor Service",11254,"No",2
3398,"Wiper Blades","Minor Service",17282,"No",2
3399,"Brake Pads & Discs","Minor Service",37043,"No",1
3400,"Brake Pads & Discs","Minor Service",38885,"Yes",4
3401,"Engine Oil & Filter","Minor Service",11706,"No",1
3402,"Mass Airflow Sensor","Diagnostic",85044,"Yes",4
3403,"Cabin Air Filter","Minor Service",20289,"No",2
3404,"Wiper Blades","Minor Service",12426,"Yes",4
3405,"Engine Air Filter","Minor Service",21800,"No",2
3406,"Alternator","Diagnostic",126019,"Yes",3
3407,"Wiper Blades","Minor Service",16206,"No",2
3408,"Brake Pads & Discs","Minor Service",38661,"Yes",3
3409,"Fuel Pump","Diagnostic",114252,"Yes",4
3410,"Spark Plugs","Major Service",66419,"No",1
3411,"Engine Oil & Filter","Minor Service",9778,"No",1
3412,"Wiper Blades","Minor Service",11867,"No",1
3413,"Wiper Blades","Minor Service",17401,"No",2
3414,"Cabin Air Filter","Minor Service",14269,"Yes",3
3415,"Cabin Air Filter","Minor Service",18250,"No",1
3416,"Wiper Blades","Minor Service",16333,"No",2
3417,"Engine Oil & Filter","Minor Service",10488,"Yes",3
3418,"Brake Pads & Discs","Minor Service",37872,"No",2
3419,"Engine Air Filter","Minor Service",22279,"Yes",5
3420,"Wiper Blades","Minor Service",14981,"No",2
3421,"Brake Pads & Discs","Minor Service",32991,"Yes",5
3422,"Wiper Blades","Minor Service",19850,"No",1
3423,"Engine Air Filter","Minor Service",17401,"No",2
3424,"Spark Plugs","Major Service",57921,"Yes",5
3425,"Cabin Air Filter","Minor Service",19685,"No",1
3426,"Engine Air Filter","Minor Service",16039,"No",2
3427,"Brake Pads & Discs","Minor Service",40222,"Yes",4
3428,"Wiper Blades","Minor Service",16772,"No",1
3429,"Drive/Serpentine Belt","Major Service",76670,"Yes",3
3430,"Drive/Serpentine Belt","Major Service",72042,"Yes",3
3431,"Cabin Air Filter","Minor Service",17359,"No",1
3432,"Engine Oil & Filter","Minor Service",12077,"No",1
3433,"Engine Air Filter","Minor Service",19259,"Yes",3
3434,"Fuel Pump","Diagnostic",145386,"Yes",4
3435,"Wiper Blades","Minor Service",18807,"No",2
3436,"Engine Oil & Filter","Minor Service",9616,"Yes",3
3437,"Engine Air Filter","Minor Service",13725,"No",1
3438,"Cabin Air Filter","Minor Service",13414,"No",1
3439,"Oxygen (O2) Sensor","Diagnostic",143249,"Yes",3
3440,"Engine Oil & Filter","Minor Service",9691,"No",2
3441,"Cabin Air Filter","Minor Service",17309,"No",1
3442,"Shocks & Struts","Major Service",104434,"Yes",4
3443,"Wiper Blades","Minor Service",15536,"Yes",4
3444,"Transmission Fluid","Major Service",66959,"Yes",3
3445,"Cabin Air Filter","Minor Service",24722,"No",2
3446,"Brake Pads & Discs","Minor Service",35428,"No",2
3447,"Wiper Blades","Minor Service",11007,"No",2
3448,"Wiper Blades","Minor Service",17391,"No",1
3449,"Engine Air Filter","Minor Service",15891,"No",1
3450,"Engine Oil & Filter","Minor Service",9594,"No",1
3451,"Brake Pads & Discs","Minor Service",35182,"No",2
3452,"Coolant Flush","Major Service",85067,"No",1
3453,"Spark Plugs","Major Service",46885,"No",1
3454,"Brake Pads & Discs","Minor Service",45815,"Yes",4
3455,"Engine Oil & Filter","Minor Service",9688,"Yes",4
3456,"Spark Plugs","Major Service",40318,"Yes",4
3457,"Engine Oil & Filter","Minor Service",10496,"Yes",4
3458,"Cabin Air Filter","Minor Service",14364,"No",1
3459,"Engine Air Filter","Minor Service",22657,"Yes",5
3460,"Brake Pads & Discs","Minor Service",23827,"Yes",3
3461,"Spark Plugs","Major Service",68887,"No",1
3462,"Engine Air Filter","Minor Service",21910,"Yes",5
3463,"Brake Pads & Discs","Minor Service",35589,"Yes",3
3464,"Cabin Air Filter","Minor Service",14209,"No",1
3465,"Engine Oil & Filter","Minor Service",9596,"No",2
3466,"Shocks & Struts","Major Service",102473,"Yes",3
3467,"Engine Air Filter","Minor Service",22415,"No",1
3468,"Drive/Serpentine Belt","Major Service",52364,"Yes",3
3469,"Brake Pads & Discs","Minor Service",32316,"No",1
3470,"Wiper Blades","Minor Service",21288,"Yes",4
3471,"Wiper Blades","Minor Service",14593,"Yes",5
3472,"Wiper Blades","Minor Service",13908,"No",2
3473,"Engine Air Filter","Minor Service",19031,"Yes",5
3474,"Fuel Pump","Diagnostic",197487,"Yes",3
3475,"Engine Oil & Filter","Minor Service",9736,"No",1
3476,"Alternator","Diagnostic",136567,"Yes",5
3477,"Brake Pads & Discs","Minor Service",41952,"No",2
3478,"Engine Air Filter","Minor Service",18778,"No",1
3479,"Wiper Blades","Minor Service",28523,"No",2
3480,"Wiper Blades","Minor Service",14388,"No",2
3481,"Engine Oil & Filter","Minor Service",11130,"Yes",3
3482,"Engine Air Filter","Minor Service",19855,"No",1
3483,"Wiper Blades","Minor Service",14679,"No",1
3484,"Brake Pads & Discs","Minor Service",42143,"No",1
3485,"Drive/Serpentine Belt","Major Service",63430,"Yes",3
3486,"Engine Air Filter","Minor Service",17459,"No",2
3487,"Mass Airflow Sensor","Diagnostic",155059,"Yes",3
3488,"Engine Oil & Filter","Minor Service",13155,"Yes",3
3489,"Engine Oil & Filter","Minor Service",10402,"No",2
3490,"Engine Oil & Filter","Minor Service",10973,"No",2
3491,"Engine Oil & Filter","Minor Service",9313,"No",1
3492,"Engine Oil & Filter","Minor Service",9293,"No",2
3493,"Wiper Blades","Minor Service",18348,"Yes",3
3494,"Fuel Pump","Diagnostic",137174,"Yes",5
3495,"Brake Pads & Discs","Minor Service",34344,"No",1
3496,"Brake Pads & Discs","Minor Service",28294,"Yes",4
3497,"Wiper Blades","Minor Service",10075,"No",2
3498,"Brake Pads & Discs","Minor Service",27514,"Yes",4
3499,"Brake Pads & Discs","Minor Service",31515,"Yes",5
3500,"Engine Air Filter","Minor Service",19954,"No",1
3501,"Engine Oil & Filter","Minor Service",9450,"No",1
3502,"Engine Air Filter","Minor Service",16432,"No",2
3503,"Drive/Serpentine Belt","Major Service",76347,"No",2
3504,"Shocks & Struts","Major Service",83967,"Yes",3
3505,"Drive/Serpentine Belt","Major Service",74621,"Yes",3
3506,"Wiper Blades","Minor Service",12076,"No",1
3507,"Engine Air Filter","Minor Service",14955,"No",2
3508,"Cabin Air Filter","Minor Service",25242,"Yes",4
3509,"Wiper Blades","Minor Service",16776,"Yes",4
3510,"Engine Air Filter","Minor Service",18388,"No",2
3511,"Cabin Air Filter","Minor Service",18685,"No",2
3512,"Cabin Air Filter","Minor Service",22359,"No",2
3513,"Engine Oil & Filter","Minor Service",11593,"No",2
3514,"Wiper Blades","Minor Service",18441,"Yes",5
3515,"Engine Air Filter","Minor Service",21593,"No",2
3516,"Cabin Air Filter","Minor Service",18765,"No",1
3517,"Cabin Air Filter","Minor Service",20312,"No",2
3518,"Engine Air Filter","Minor Service",23934,"Yes",4
3519,"Engine Oil & Filter","Minor Service",11019,"No",2
3520,"Wiper Blades","Minor Service",15575,"No",2
3521,"Engine Oil & Filter","Minor Service",5515,"Yes",5
3522,"Brake Pads & Discs","Minor Service",37477,"Yes",5
3523,"Wiper Blades","Minor Service",19581,"No",2
3524,"Spark Plugs","Major Service",54477,"No",2
3525,"Shocks & Struts","Major Service",72106,"Yes",5
3526,"Engine Air Filter","Minor Service",15959,"No",1
3527,"Cabin Air Filter","Minor Service",21746,"No",2
3528,"Wiper Blades","Minor Service",19026,"No",1
3529,"Engine Oil & Filter","Minor Service",5697,"No",2
3530,"Cabin Air Filter","Minor Service",22576,"No",2
3531,"Brake Pads & Discs","Minor Service",32321,"Yes",3
3532,"Wiper Blades","Minor Service",11295,"No",1
3533,"Engine Air Filter","Minor Service",20010,"No",2
3534,"Spark Plugs","Major Service",47052,"No",2
3535,"Shocks & Struts","Major Service",84322,"Yes",3
3536,"Engine Oil & Filter","Minor Service",4750,"No",2
3537,"Cabin Air Filter","Minor Service",19114,"No",2
3538,"Spark Plugs","Major Service",68504,"Yes",5
3539,"Drive/Serpentine Belt","Major Service",83621,"Yes",3
3540,"Engine Oil & Filter","Minor Service",10466,"No",1
3541,"Cabin Air Filter","Minor Service",16813,"No",2
3542,"Brake Pads & Discs","Minor Service",35085,"Yes",4
3543,"Engine Air Filter","Minor Service",14502,"No",2
3544,"Engine Oil & Filter","Minor Service",8684,"No",1
3545,"Brake Pads & Discs","Minor Service",37197,"Yes",4
3546,"Engine Oil & Filter","Minor Service",8990,"No",2
3547,"Wiper Blades","Minor Service",16851,"Yes",4
3548,"Wiper Blades","Minor Service",12477,"No",1
3549,"Engine Oil & Filter","Minor Service",10492,"No",1
3550,"Alternator","Diagnostic",160945,"Yes",3
3551,"Drive/Serpentine Belt","Major Service",74326,"Yes",4
3552,"Wiper Blades","Minor Service",12765,"No",1
3553,"Brake Pads & Discs","Minor Service",44124,"Yes",5
3554,"Engine Oil & Filter","Minor Service",11837,"Yes",5
3555,"Engine Air Filter","Minor Service",24127,"No",1
3556,"Wiper Blades","Minor Service",15936,"No",2
3557,"Engine Oil & Filter","Minor Service",11458,"No",2
3558,"Engine Oil & Filter","Minor Service",8860,"No",2
3559,"Brake Pads & Discs","Minor Service",33897,"No",1
3560,"Wiper Blades","Minor Service",17914,"No",1
3561,"Wiper Blades","Minor Service",16011,"Yes",3
3562,"Cabin Air Filter","Minor Service",20512,"No",2
3563,"Engine Air Filter","Minor Service",20621,"Yes",5
3564,"Engine Oil & Filter","Minor Service",9277,"No",1
3565,"Engine Air Filter","Minor Service",23628,"Yes",3
3566,"Cabin Air Filter","Minor Service",15145,"No",2
3567,"Wiper Blades","Minor Service",26252,"Yes",4
3568,"Transmission Fluid","Major Service",78597,"No",1
3569,"Brake Pads & Discs","Minor Service",41210,"Yes",3
3570,"Wiper Blades","Minor Service",16617,"No",2
3571,"Wiper Blades","Minor Service",14148,"No",1
3572,"Engine Oil & Filter","Minor Service",9966,"No",2
3573,"Engine Oil & Filter","Minor Service",9559,"No",2
3574,"Coolant Flush","Major Service",99748,"No",1
3575,"Engine Air Filter","Minor Service",19942,"Yes",3
3576,"Wiper Blades","Minor Service",17783,"No",2
3577,"Shocks & Struts","Major Service",95024,"No",2
3578,"Wiper Blades","Minor Service",20959,"Yes",3
3579,"Engine Air Filter","Minor Service",15376,"No",1
3580,"Engine Oil & Filter","Minor Service",12239,"No",1
3581,"Engine Air Filter","Minor Service",18991,"No",2
3582,"Spark Plugs","Major Service",75021,"No",1
3583,"Wiper Blades","Minor Service",19030,"No",2
3584,"Engine Air Filter","Minor Service",19387,"Yes",3
3585,"Engine Oil & Filter","Minor Service",8456,"No",1
3586,"Engine Air Filter","Minor Service",20350,"Yes",5
3587,"Engine Air Filter","Minor Service",18025,"No",1
3588,"Cabin Air Filter","Minor Service",20102,"No",1
3589,"Spark Plugs","Major Service",50016,"Yes",3
3590,"Engine Air Filter","Minor Service",18358,"No",1
3591,"Engine Air Filter","Minor Service",17298,"Yes",4
3592,"Oxygen (O2) Sensor","Diagnostic",125739,"Yes",4
3593,"Engine Air Filter","Minor Service",19612,"No",1
3594,"Wiper Blades","Minor Service",12602,"Yes",4
3595,"Wiper Blades","Minor Service",18392,"Yes",3
3596,"Engine Air Filter","Minor Service",17451,"No",2
3597,"Brake Pads & Discs","Minor Service",40536,"Yes",4
3598,"Engine Air Filter","Minor Service",17968,"No",2
3599,"Cabin Air Filter","Minor Service",16905,"No",2
3600,"Brake Pads & Discs","Minor Service",39962,"Yes",3
3601,"Wiper Blades","Minor Service",22070,"Yes",3
3602,"Engine Oil & Filter","Minor Service",9821,"No",2
3603,"Cabin Air Filter","Minor Service",27680,"Yes",4
3604,"Spark Plugs","Major Service",51328,"No",1
3605,"Wiper Blades","Minor Service",18271,"No",1
3606,"Cabin Air Filter","Minor Service",17970,"No",2
3607,"Thermostat","Diagnostic",111942,"Yes",5
3608,"Drive/Serpentine Belt","Major Service",78352,"No",2
3609,"Wiper Blades","Minor Service",10030,"No",2
3610,"Alternator","Diagnostic",144014,"Yes",3
3611,"Cabin Air Filter","Minor Service",17025,"No",2
3612,"Engine Air Filter","Minor Service",16880,"No",2
3613,"Engine Oil & Filter","Minor Service",6559,"No",2
3614,"Cabin Air Filter","Minor Service",20135,"No",1
3615,"Engine Oil & Filter","Minor Service",8719,"No",1
3616,"Drive/Serpentine Belt","Major Service",75765,"Yes",5
3617,"Oxygen (O2) Sensor","Diagnostic",107661,"Yes",4
3618,"Transmission Fluid","Major Service",94397,"No",2
3619,"Drive/Serpentine Belt","Major Service",84887,"No",1
3620,"Oxygen (O2) Sensor","Diagnostic",123046,"Yes",3
3621,"Wiper Blades","Minor Service",9003,"Yes",3
3622,"Engine Oil & Filter","Minor Service",11978,"No",2
3623,"Fuel Pump","Diagnostic",118113,"Yes",5
3624,"Brake Pads & Discs","Minor Service",40053,"Yes",3
3625,"Cabin Air Filter","Minor Service",15228,"No",1
3626,"Cabin Air Filter","Minor Service",18058,"No",1
3627,"Engine Air Filter","Minor Service",17609,"No",1
3628,"Alternator","Diagnostic",135908,"Yes",3
3629,"Cabin Air Filter","Minor Service",18950,"No",2
3630,"Wiper Blades","Minor Service",15310,"Yes",5
3631,"Engine Oil & Filter","Minor Service",9571,"No",2
3632,"Wiper Blades","Minor Service",21634,"Yes",5
3633,"Wiper Blades","Minor Service",13956,"No",1
3634,"Engine Air Filter","Minor Service",24274,"Yes",3
3635,"Brake Pads & Discs","Minor Service",36049,"Yes",5
3636,"Engine Oil & Filter","Minor Service",11288,"No",2
3637,"Engine Oil & Filter","Minor Service",9651,"No",1
3638,"Engine Air Filter","Minor Service",19678,"No",2
3639,"Engine Air Filter","Minor Service",15581,"No",1
3640,"Wiper Blades","Minor Service",11415,"No",2
3641,"Drive/Serpentine Belt","Major Service",62771,"Yes",3
3642,"Wiper Blades","Minor Service",13169,"No",1
3643,"Coolant Flush","Major Service",100821,"Yes",5
3644,"Mass Airflow Sensor","Diagnostic",135484,"Yes",5
3645,"Engine Oil & Filter","Minor Service",9206,"No",2
3646,"Engine Oil & Filter","Minor Service",10669,"Yes",5
3647,"Shocks & Struts","Major Service",73981,"Yes",3
3648,"Brake Pads & Discs","Minor Service",42861,"Yes",3
3649,"Cabin Air Filter","Minor Service",17828,"No",1
3650,"Cabin Air Filter","Minor Service",18297,"No",1
3651,"Cabin Air Filter","Minor Service",18620,"Yes",4
3652,"Engine Air Filter","Minor Service",19601,"No",1
3653,"Brake Pads & Discs","Minor Service",34297,"No",1
3654,"Engine Oil & Filter","Minor Service",9769,"No",1
3655,"Drive/Serpentine Belt","Major Service",74989,"Yes",4
3656,"Wiper Blades","Minor Service",15395,"No",2
3657,"Engine Oil & Filter","Minor Service",13503,"No",1
3658,"Engine Oil & Filter","Minor Service",10286,"Yes",5
3659,"Shocks & Struts","Major Service",91559,"Yes",5
3660,"Engine Oil & Filter","Minor Service",7978,"No",1
3661,"Engine Air Filter","Minor Service",18875,"No",1
3662,"Drive/Serpentine Belt","Major Service",59146,"Yes",3
3663,"Mass Airflow Sensor","Diagnostic",85486,"Yes",4
3664,"Spark Plugs","Major Service",65519,"Yes",5
3665,"Drive/Serpentine Belt","Major Service",61842,"Yes",3
3666,"Engine Oil & Filter","Minor Service",11657,"No",1
3667,"Spark Plugs","Major Service",58487,"No",2
3668,"Engine Air Filter","Minor Service",18399,"No",2
3669,"Engine Air Filter","Minor Service",18702,"No",2
3670,"Engine Air Filter","Minor Service",24467,"Yes",4
3671,"Spark Plugs","Major Service",56064,"Yes",3
3672,"Engine Air Filter","Minor Service",21499,"No",2
3673,"Alternator","Diagnostic",107348,"Yes",5
3674,"Engine Air Filter","Minor Service",16674,"No",2
3675,"Cabin Air Filter","Minor Service",23744,"Yes",4
3676,"Drive/Serpentine Belt","Major Service",80337,"No",2
3677,"Wiper Blades","Minor Service",15591,"No",1
3678,"Wiper Blades","Minor Service",11387,"No",1
3679,"Engine Oil & Filter","Minor Service",10720,"No",2
3680,"Cabin Air Filter","Minor Service",19311,"No",2
3681,"Coolant Flush","Major Service",76763,"No",2
3682,"Brake Pads & Discs","Minor Service",30969,"No",1
3683,"Wiper Blades","Minor Service",14949,"Yes",5
3684,"Wiper Blades","Minor Service",19185,"No",2
3685,"Cabin Air Filter","Minor Service",15067,"No",1
3686,"Drive/Serpentine Belt","Major Service",69169,"Yes",3
3687,"Engine Air Filter","Minor Service",22670,"No",2
3688,"Engine Air Filter","Minor Service",23837,"No",2
3689,"Oxygen (O2) Sensor","Diagnostic",128164,"Yes",5
3690,"Oxygen (O2) Sensor","Diagnostic",127940,"Yes",4
3691,"Wiper Blades","Minor Service",16710,"No",1
3692,"Engine Air Filter","Minor Service",17790,"No",1
3693,"Transmission Fluid","Major Service",83976,"Yes",5
3694,"Engine Oil & Filter","Minor Service",8948,"No",1
3695,"Drive/Serpentine Belt","Major Service",66868,"No",2
3696,"Engine Air Filter","Minor Service",22072,"Yes",4
3697,"Engine Air Filter","Minor Service",24017,"Yes",5
3698,"Engine Oil & Filter","Minor Service",12934,"Yes",3
3699,"Engine Air Filter","Minor Service",18780,"No",2
3700,"Engine Air Filter","Minor Service",21352,"No",2
3701,"Brake Pads & Discs","Minor Service",34534,"Yes",4
3702,"Cabin Air Filter","Minor Service",18326,"No",1
3703,"Drive/Serpentine Belt","Major Service",70747,"Yes",4
3704,"Transmission Fluid","Major Service",68664,"No",1
3705,"Wiper Blades","Minor Service",10459,"No",1
3706,"Cabin Air Filter","Minor Service",16561,"No",2
3707,"Cabin Air Filter","Minor Service",24827,"No",2
3708,"Brake Pads & Discs","Minor Service",36779,"Yes",5
3709,"Engine Oil & Filter","Minor Service",11387,"Yes",4
3710,"Engine Oil & Filter","Minor Service",11181,"No",2
3711,"Brake Pads & Discs","Minor Service",33156,"Yes",4
3712,"Wiper Blades","Minor Service",16059,"No",2
3713,"Engine Oil & Filter","Minor Service",11899,"No",2
3714,"Wiper Blades","Minor Service",13328,"No",1
3715,"Engine Air Filter","Minor Service",16915,"Yes",4
3716,"Transmission Fluid","Major Service",88383,"No",1
3717,"Cabin Air Filter","Minor Service",20047,"Yes",3
3718,"Wiper Blades","Minor Service",13043,"Yes",5
3719,"Wiper Blades","Minor Service",14461,"No",1
3720,"Engine Air Filter","Minor Service",19657,"No",1
3721,"Wiper Blades","Minor Service",15778,"Yes",3
3722,"Engine Air Filter","Minor Service",22098,"Yes",5
3723,"Engine Oil & Filter","Minor Service",6882,"No",1
3724,"Brake Pads & Discs","Minor Service",36060,"Yes",3
3725,"Mass Airflow Sensor","Diagnostic",83507,"Yes",4
3726,"Coolant Flush","Major Service",82242,"No",2
3727,"Cabin Air Filter","Minor Service",18112,"Yes",5
3728,"Engine Oil & Filter","Minor Service",10086,"No",2
3729,"Wiper Blades","Minor Service",17321,"No",2
3730,"Transmission Fluid","Major Service",87484,"No",1
3731,"Wiper Blades","Minor Service",15019,"Yes",4
3732,"Engine Oil & Filter","Minor Service",7861,"No",1
3733,"Brake Pads & Discs","Minor Service",38344,"No",1
3734,"Wiper Blades","Minor Service",10268,"Yes",3
3735,"Wiper Blades","Minor Service",13779,"No",2
3736,"Engine Air Filter","Minor Service",21971,"No",2
3737,"Cabin Air Filter","Minor Service",16969,"No",1
3738,"Engine Oil & Filter","Minor Service",10264,"Yes",4
3739,"Cabin Air Filter","Minor Service",18714,"No",2
3740,"Engine Air Filter","Minor Service",22192,"No",1
3741,"Brake Pads & Discs","Minor Service",37834,"No",1
3742,"Engine Air Filter","Minor Service",25662,"No",2
3743,"Cabin Air Filter","Minor Service",18698,"No",1
3744,"Wiper Blades","Minor Service",15678,"No",1
3745,"Engine Air Filter","Minor Service",23294,"No",1
3746,"Wiper Blades","Minor Service",15110,"Yes",4
3747,"Engine Air Filter","Minor Service",18891,"No",1
3748,"Engine Air Filter","Minor Service",21093,"No",1
3749,"Transmission Fluid","Major Service",75065,"No",2
3750,"Fuel Pump","Diagnostic",149424,"Yes",3
3751,"Wiper Blades","Minor Service",17963,"Yes",3
3752,"Coolant Flush","Major Service",82369,"No",2
3753,"Oxygen (O2) Sensor","Diagnostic",72666,"Yes",3
3754,"Transmission Fluid","Major Service",58906,"No",1
3755,"Wiper Blades","Minor Service",16715,"Yes",4
3756,"Coolant Flush","Major Service",97337,"No",1
3757,"Engine Oil & Filter","Minor Service",9556,"No",1
3758,"Wiper Blades","Minor Service",9867,"No",1
3759,"Oxygen (O2) Sensor","Diagnostic",120783,"Yes",4
3760,"Engine Oil & Filter","Minor Service",7723,"No",2
3761,"Wiper Blades","Minor Service",16593,"Yes",4
3762,"Brake Pads & Discs","Minor Service",36449,"No",1
3763,"Wiper Blades","Minor Service",15884,"No",1
3764,"Brake Pads & Discs","Minor Service",28354,"Yes",4
3765,"Cabin Air Filter","Minor Service",12957,"No",1
3766,"Wiper Blades","Minor Service",11446,"No",2
3767,"Cabin Air Filter","Minor Service",20505,"No",2
3768,"Brake Pads & Discs","Minor Service",35340,"Yes",3
3769,"Engine Oil & Filter","Minor Service",7800,"Yes",5
3770,"Engine Air Filter","Minor Service",21643,"No",1
3771,"Engine Oil & Filter","Minor Service",10835,"No",1
3772,"Transmission Fluid","Major Service",84528,"Yes",4
3773,"Engine Air Filter","Minor Service",22330,"Yes",5
3774,"Engine Oil & Filter","Minor Service",8943,"No",1
3775,"Fuel Pump","Diagnostic",145454,"Yes",4
3776,"Transmission Fluid","Major Service",69999,"No",1
3777,"Shocks & Struts","Major Service",85428,"Yes",3
3778,"Wiper Blades","Minor Service",9350,"No",1
3779,"Cabin Air Filter","Minor Service",23694,"No",1
3780,"Cabin Air Filter","Minor Service",19659,"No",1
3781,"Brake Pads & Discs","Minor Service",30680,"Yes",3
3782,"Brake Pads & Discs","Minor Service",45178,"Yes",4
3783,"Coolant Flush","Major Service",109994,"No",2
3784,"Engine Oil & Filter","Minor Service",11575,"No",1
3785,"Fuel Pump","Diagnostic",131630,"Yes",5
3786,"Engine Air Filter","Minor Service",20682,"No",2
3787,"Brake Pads & Discs","Minor Service",41246,"Yes",5
3788,"Engine Air Filter","Minor Service",24013,"No",2
3789,"Wiper Blades","Minor Service",14193,"No",1
3790,"Transmission Fluid","Major Service",82456,"Yes",5
3791,"Engine Oil & Filter","Minor Service",8380,"No",2
3792,"Brake Pads & Discs","Minor Service",30896,"No",1
3793,"Cabin Air Filter","Minor Service",23361,"Yes",5
3794,"Spark Plugs","Major Service",75047,"Yes",4
3795,"Engine Air Filter","Minor Service",18804,"No",1
3796,"Shocks & Struts","Major Service",90594,"Yes",5
3797,"Cabin Air Filter","Minor Service",17065,"No",2
3798,"Oxygen (O2) Sensor","Diagnostic",94475,"Yes",4
3799,"Engine Oil & Filter","Minor Service",11461,"No",1
3800,"Mass Airflow Sensor","Diagnostic",80681,"Yes",4
3801,"Wiper Blades","Minor Service",18709,"No",1
3802,"Wiper Blades","Minor Service",20707,"No",1
3803,"Drive/Serpentine Belt","Major Service",58500,"Yes",3
3804,"Cabin Air Filter","Minor Service",20807,"Yes",5
3805,"Brake Pads & Discs","Minor Service",43973,"Yes",3
3806,"Engine Oil & Filter","Minor Service",9281,"No",1
3807,"Cabin Air Filter","Minor Service",20053,"No",1
3808,"Wiper Blades","Minor Service",18786,"No",1
3809,"Engine Air Filter","Minor Service",19013,"No",1
3810,"Spark Plugs","Major Service",54484,"No",2
3811,"Brake Pads & Discs","Minor Service",41902,"No",1
3812,"Wiper Blades","Minor Service",14125,"Yes",5
3813,"Oxygen (O2) Sensor","Diagnostic",137450,"Yes",3
3814,"Brake Pads & Discs","Minor Service",46210,"Yes",3
3815,"Engine Oil & Filter","Minor Service",13048,"No",2
3816,"Thermostat","Diagnostic",117061,"Yes",5
3817,"Shocks & Struts","Major Service",85294,"Yes",5
3818,"Engine Oil & Filter","Minor Service",10390,"No",1
3819,"Shocks & Struts","Major Service",79035,"No",1
3820,"Brake Pads & Discs","Minor Service",31951,"No",1
3821,"Oxygen (O2) Sensor","Diagnostic",120112,"Yes",5
3822,"Coolant Flush","Major Service",122436,"No",2
3823,"Transmission Fluid","Major Service",79680,"No",2
3824,"Engine Oil & Filter","Minor Service",8601,"No",1
3825,"Wiper Blades","Minor Service",9252,"No",1
3826,"Wiper Blades","Minor Service",13412,"No",2
3827,"Engine Oil & Filter","Minor Service",8670,"No",2
3828,"Wiper Blades","Minor Service",17117,"No",2
3829,"Wiper Blades","Minor Service",18264,"Yes",5
3830,"Spark Plugs","Major Service",65998,"No",1
3831,"Brake Pads & Discs","Minor Service",34997,"No",2
3832,"Engine Air Filter","Minor Service",21150,"No",2
3833,"Engine Air Filter","Minor Service",22931,"No",2
3834,"Engine Oil & Filter","Minor Service",7601,"No",1
3835,"Engine Air Filter","Minor Service",19202,"No",2
3836,"Brake Pads & Discs","Minor Service",35685,"No",1
3837,"Wiper Blades","Minor Service",15285,"Yes",3
3838,"Wiper Blades","Minor Service",10000,"No",1
3839,"Cabin Air Filter","Minor Service",21733,"No",2
3840,"Wiper Blades","Minor Service",8744,"No",2
3841,"Transmission Fluid","Major Service",83739,"Yes",3
3842,"Wiper Blades","Minor Service",10957,"No",2
3843,"Engine Air Filter","Minor Service",19009,"Yes",5
3844,"Brake Pads & Discs","Minor Service",36982,"Yes",5
3845,"Engine Air Filter","Minor Service",19570,"No",2
3846,"Cabin Air Filter","Minor Service",20916,"No",1
3847,"Brake Pads & Discs","Minor Service",28546,"No",2
3848,"Brake Pads & Discs","Minor Service",23373,"No",2
3849,"Wiper Blades","Minor Service",12308,"No",2
3850,"Engine Oil & Filter","Minor Service",3573,"No",1
3851,"Drive/Serpentine Belt","Major Service",80834,"Yes",4
3852,"Cabin Air Filter","Minor Service",22575,"No",2
3853,"Transmission Fluid","Major Service",81502,"Yes",3
3854,"Cabin Air Filter","Minor Service",21418,"No",1
3855,"Engine Oil & Filter","Minor Service",11163,"Yes",3
3856,"Wiper Blades","Minor Service",15829,"No",1
3857,"Oxygen (O2) Sensor","Diagnostic",140575,"Yes",3
3858,"Spark Plugs","Major Service",54328,"Yes",5
3859,"Engine Air Filter","Minor Service",21227,"Yes",5
3860,"Spark Plugs","Major Service",72741,"Yes",4
3861,"Engine Air Filter","Minor Service",17825,"Yes",4
3862,"Mass Airflow Sensor","Diagnostic",92264,"Yes",5
3863,"Wiper Blades","Minor Service",9274,"No",1
3864,"Engine Oil & Filter","Minor Service",9485,"No",1
3865,"Thermostat","Diagnostic",93314,"Yes",3
3866,"Transmission Fluid","Major Service",95858,"No",2
3867,"Brake Pads & Discs","Minor Service",45223,"No",2
3868,"Cabin Air Filter","Minor Service",20943,"No",1
3869,"Coolant Flush","Major Service",76215,"Yes",3
3870,"Spark Plugs","Major Service",65127,"No",1
3871,"Engine Oil & Filter","Minor Service",12116,"No",2
3872,"Engine Oil & Filter","Minor Service",9035,"No",2
3873,"Cabin Air Filter","Minor Service",20004,"No",1
3874,"Engine Air Filter","Minor Service",19477,"No",1
3875,"Shocks & Struts","Major Service",82597,"No",2
3876,"Engine Air Filter","Minor Service",16827,"No",2
3877,"Engine Oil & Filter","Minor Service",13005,"No",2
3878,"Oxygen (O2) Sensor","Diagnostic",111295,"Yes",3
3879,"Drive/Serpentine Belt","Major Service",57630,"Yes",3
3880,"Transmission Fluid","Major Service",91146,"No",1
3881,"Engine Oil & Filter","Minor Service",9706,"No",2
3882,"Coolant Flush","Major Service",111046,"No",2
3883,"Wiper Blades","Minor Service",10943,"No",1
3884,"Spark Plugs","Major Service",71429,"Yes",3
3885,"Wiper Blades","Minor Service",17567,"No",1
3886,"Brake Pads & Discs","Minor Service",38798,"Yes",5
3887,"Drive/Serpentine Belt","Major Service",62616,"Yes",5
3888,"Drive/Serpentine Belt","Major Service",60196,"Yes",5
3889,"Cabin Air Filter","Minor Service",23662,"No",2
3890,"Engine Oil & Filter","Minor Service",9977,"No",1
3891,"Engine Air Filter","Minor Service",18662,"No",2
3892,"Wiper Blades","Minor Service",16725,"Yes",5
3893,"Spark Plugs","Major Service",78641,"Yes",5
3894,"Coolant Flush","Major Service",111609,"No",1
3895,"Cabin Air Filter","Minor Service",17010,"No",1
3896,"Cabin Air Filter","Minor Service",20620,"No",2
3897,"Brake Pads & Discs","Minor Service",37599,"Yes",3
3898,"Brake Pads & Discs","Minor Service",42689,"No",2
3899,"Spark Plugs","Major Service",53545,"Yes",4
3900,"Thermostat","Diagnostic",98157,"Yes",3
3901,"Wiper Blades","Minor Service",13704,"No",1
3902,"Engine Air Filter","Minor Service",22824,"Yes",4
3903,"Engine Air Filter","Minor Service",20184,"Yes",4
3904,"Oxygen (O2) Sensor","Diagnostic",132380,"Yes",5
3905,"Cabin Air Filter","Minor Service",24331,"Yes",4
3906,"Brake Pads & Discs","Minor Service",25853,"No",1
3907,"Wiper Blades","Minor Service",18026,"No",2
3908,"Cabin Air Filter","Minor Service",19086,"Yes",3
3909,"Wiper Blades","Minor Service",22332,"No",1
3910,"Wiper Blades","Minor Service",18215,"Yes",3
3911,"Drive/Serpentine Belt","Major Service",61600,"Yes",3
3912,"Mass Airflow Sensor","Diagnostic",71988,"Yes",4
3913,"Spark Plugs","Major Service",67180,"No",2
3914,"Engine Oil & Filter","Minor Service",9406,"No",2
3915,"Cabin Air Filter","Minor Service",21633,"No",2
3916,"Cabin Air Filter","Minor Service",17344,"No",1
3917,"Engine Oil & Filter","Minor Service",9866,"No",1
3918,"Engine Oil & Filter","Minor Service",12689,"Yes",4
3919,"Cabin Air Filter","Minor Service",23098,"No",1
3920,"Shocks & Struts","Major Service",102481,"Yes",4
3921,"Fuel Pump","Diagnostic",175975,"Yes",5
3922,"Wiper Blades","Minor Service",13407,"No",2
3923,"Engine Oil & Filter","Minor Service",9534,"No",1
3924,"Engine Air Filter","Minor Service",19424,"No",1
3925,"Wiper Blades","Minor Service",11858,"Yes",4
3926,"Thermostat","Diagnostic",98331,"Yes",3
3927,"Engine Oil & Filter","Minor Service",10890,"No",2
3928,"Engine Oil & Filter","Minor Service",9748,"No",1
3929,"Wiper Blades","Minor Service",16994,"No",2
3930,"Cabin Air Filter","Minor Service",23360,"No",2
3931,"Wiper Blades","Minor Service",19261,"Yes",3
3932,"Engine Oil & Filter","Minor Service",6529,"No",1
3933,"Brake Pads & Discs","Minor Service",28327,"Yes",5
3934,"Engine Air Filter","Minor Service",20530,"Yes",3
3935,"Cabin Air Filter","Minor Service",20250,"No",1
3936,"Wiper Blades","Minor Service",8210,"No",1
3937,"Engine Oil & Filter","Minor Service",12286,"No",1
3938,"Wiper Blades","Minor Service",12485,"No",2
3939,"Brake Pads & Discs","Minor Service",46772,"Yes",3
3940,"Wiper Blades","Minor Service",18610,"No",1
3941,"Drive/Serpentine Belt","Major Service",63965,"Yes",4
3942,"Wiper Blades","Minor Service",17615,"No",2
3943,"Wiper Blades","Minor Service",11140,"No",2
3944,"Brake Pads & Discs","Minor Service",31228,"No",2
3945,"Engine Oil & Filter","Minor Service",10241,"No",1
3946,"Engine Air Filter","Minor Service",17620,"Yes",4
3947,"Brake Pads & Discs","Minor Service",39856,"Yes",4
3948,"Engine Oil & Filter","Minor Service",6868,"No",1
3949,"Engine Air Filter","Minor Service",23308,"Yes",4
3950,"Engine Oil & Filter","Minor Service",9903,"No",2
3951,"Cabin Air Filter","Minor Service",21487,"Yes",5
3952,"Brake Pads & Discs","Minor Service",43402,"Yes",3
3953,"Engine Oil & Filter","Minor Service",8352,"No",2
3954,"Wiper Blades","Minor Service",13586,"No",1
3955,"Transmission Fluid","Major Service",74025,"No",2
3956,"Wiper Blades","Minor Service",12550,"Yes",5
3957,"Brake Pads & Discs","Minor Service",44547,"Yes",4
3958,"Shocks & Struts","Major Service",88849,"No",1
3959,"Drive/Serpentine Belt","Major Service",69479,"No",2
3960,"Wiper Blades","Minor Service",8446,"Yes",4
3961,"Drive/Serpentine Belt","Major Service",64423,"Yes",3
3962,"Engine Oil & Filter","Minor Service",10814,"Yes",4
3963,"Engine Oil & Filter","Minor Service",8622,"No",2
3964,"Engine Oil & Filter","Minor Service",10910,"No",1
3965,"Cabin Air Filter","Minor Service",19599,"Yes",4
3966,"Spark Plugs","Major Service",73574,"Yes",5
3967,"Cabin Air Filter","Minor Service",16898,"No",2
3968,"Wiper Blades","Minor Service",11244,"No",2
3969,"Wiper Blades","Minor Service",13776,"Yes",4
3970,"Cabin Air Filter","Minor Service",19194,"No",2
3971,"Shocks & Struts","Major Service",71239,"No",2
3972,"Engine Oil & Filter","Minor Service",12881,"No",2
3973,"Thermostat","Diagnostic",101767,"Yes",5
3974,"Oxygen (O2) Sensor","Diagnostic",143658,"Yes",4
3975,"Shocks & Struts","Major Service",108457,"Yes",3
3976,"Transmission Fluid","Major Service",76812,"Yes",5
3977,"Spark Plugs","Major Service",58199,"Yes",4
3978,"Engine Air Filter","Minor Service",21751,"Yes",4
3979,"Wiper Blades","Minor Service",16505,"No",2
3980,"Engine Air Filter","Minor Service",22723,"Yes",4
3981,"Cabin Air Filter","Minor Service",16282,"No",1
3982,"Cabin Air Filter","Minor Service",19716,"No",2
3983,"Wiper Blades","Minor Service",10637,"No",1
3984,"Transmission Fluid","Major Service",75994,"No",2
3985,"Brake Pads & Discs","Minor Service",29168,"Yes",5
3986,"Engine Air Filter","Minor Service",15651,"No",2
3987,"Cabin Air Filter","Minor Service",19113,"No",1
3988,"Engine Oil & Filter","Minor Service",10707,"No",2
3989,"Cabin Air Filter","Minor Service",19920,"No",2
3990,"Oxygen (O2) Sensor","Diagnostic",119475,"Yes",5
3991,"Cabin Air Filter","Minor Service",23489,"No",1
3992,"Engine Air Filter","Minor Service",18903,"No",1
3993,"Wiper Blades","Minor Service",13396,"No",2
3994,"Brake Pads & Discs","Minor Service",33071,"Yes",3
3995,"Brake Pads & Discs","Minor Service",34485,"Yes",5
3996,"Transmission Fluid","Major Service",74826,"No",1
3997,"Brake Pads & Discs","Minor Service",22639,"No",2
3998,"Drive/Serpentine Belt","Major Service",87551,"Yes",4
3999,"Wiper Blades","Minor Service",20451,"Yes",3
4000,"Engine Air Filter","Minor Service",26654,"No",2
4001,"Wiper Blades","Minor Service",15028,"No",2
4002,"Wiper Blades","Minor Service",17458,"No",1
4003,"Engine Air Filter","Minor Service",14655,"No",1
4004,"Wiper Blades","Minor Service",15353,"Yes",3
4005,"Thermostat","Diagnostic",104417,"Yes",5
4006,"Brake Pads & Discs","Minor Service",26458,"Yes",5
4007,"Engine Air Filter","Minor Service",16886,"No",1
4008,"Spark Plugs","Major Service",53687,"Yes",5
4009,"Cabin Air Filter","Minor Service",16934,"No",2
4010,"Engine Air Filter","Minor Service",17130,"No",1
4011,"Brake Pads & Discs","Minor Service",38547,"Yes",5
4012,"Engine Air Filter","Minor Service",25522,"Yes",5
4013,"Engine Air Filter","Minor Service",16808,"Yes",5
4014,"Cabin Air Filter","Minor Service",20253,"No",1
4015,"Engine Air Filter","Minor Service",20141,"No",2
4016,"Coolant Flush","Major Service",111153,"No",2
4017,"Cabin Air Filter","Minor Service",16175,"No",1
4018,"Engine Air Filter","Minor Service",24748,"Yes",3
4019,"Engine Oil & Filter","Minor Service",11135,"No",1
4020,"Engine Oil & Filter","Minor Service",6922,"Yes",4
4021,"Engine Oil & Filter","Minor Service",12195,"No",2
4022,"Engine Air Filter","Minor Service",20517,"No",1
4023,"Wiper Blades","Minor Service",13538,"No",1
4024,"Thermostat","Diagnostic",105448,"Yes",5
4025,"Spark Plugs","Major Service",64638,"Yes",3
4026,"Cabin Air Filter","Minor Service",20736,"No",2
4027,"Wiper Blades","Minor Service",14479,"No",2
4028,"Coolant Flush","Major Service",78824,"No",1
4029,"Alternator","Diagnostic",129031,"Yes",4
4030,"Thermostat","Diagnostic",94687,"Yes",3
4031,"Spark Plugs","Major Service",71426,"No",2
4032,"Wiper Blades","Minor Service",25446,"No",1
4033,"Brake Pads & Discs","Minor Service",30832,"Yes",4
4034,"Engine Oil & Filter","Minor Service",9149,"No",1
4035,"Cabin Air Filter","Minor Service",23148,"No",1
4036,"Coolant Flush","Major Service",78830,"No",2
4037,"Engine Air Filter","Minor Service",20762,"No",1
4038,"Brake Pads & Discs","Minor Service",30906,"No",2
4039,"Wiper Blades","Minor Service",9834,"No",1
4040,"Wiper Blades","Minor Service",9703,"No",2
4041,"Cabin Air Filter","Minor Service",12434,"Yes",3
4042,"Engine Oil & Filter","Minor Service",11931,"No",2
4043,"Drive/Serpentine Belt","Major Service",73240,"Yes",5
4044,"Wiper Blades","Minor Service",12962,"No",2
4045,"Engine Oil & Filter","Minor Service",10088,"Yes",5
4046,"Transmission Fluid","Major Service",56555,"No",1
4047,"Engine Air Filter","Minor Service",21051,"Yes",3
4048,"Alternator","Diagnostic",149484,"Yes",4
4049,"Engine Oil & Filter","Minor Service",9642,"No",2
4050,"Wiper Blades","Minor Service",25864,"Yes",5
4051,"Brake Pads & Discs","Minor Service",33538,"No",2
4052,"Wiper Blades","Minor Service",21349,"Yes",3
4053,"Alternator","Diagnostic",120644,"Yes",5
4054,"Cabin Air Filter","Minor Service",21362,"No",2
4055,"Engine Oil & Filter","Minor Service",10827,"No",2
4056,"Engine Air Filter","Minor Service",17867,"No",2
4057,"Wiper Blades","Minor Service",17601,"No",1
4058,"Wiper Blades","Minor Service",12863,"Yes",4
4059,"Wiper Blades","Minor Service",14151,"No",2
4060,"Engine Oil & Filter","Minor Service",8810,"No",1
4061,"Engine Oil & Filter","Minor Service",10323,"Yes",5
4062,"Engine Air Filter","Minor Service",18648,"No",2
4063,"Engine Oil & Filter","Minor Service",10569,"No",2
4064,"Engine Oil & Filter","Minor Service",6538,"No",1
4065,"Engine Air Filter","Minor Service",21463,"Yes",4
4066,"Engine Air Filter","Minor Service",20291,"No",2
4067,"Spark Plugs","Major Service",58155,"Yes",3
4068,"Brake Pads & Discs","Minor Service",24853,"Yes",5
4069,"Coolant Flush","Major Service",93200,"No",1
4070,"Wiper Blades","Minor Service",9508,"No",1
4071,"Engine Air Filter","Minor Service",20963,"No",2
4072,"Shocks & Struts","Major Service",91837,"Yes",3
4073,"Drive/Serpentine Belt","Major Service",59574,"Yes",5
4074,"Engine Air Filter","Minor Service",14178,"No",2
4075,"Engine Air Filter","Minor Service",26831,"Yes",5
4076,"Wiper Blades","Minor Service",9632,"No",2
4077,"Spark Plugs","Major Service",71256,"No",2
4078,"Engine Air Filter","Minor Service",20254,"No",2
4079,"Wiper Blades","Minor Service",11254,"No",1
4080,"Engine Oil & Filter","Minor Service",9195,"No",1
4081,"Wiper Blades","Minor Service",5877,"Yes",5
4082,"Mass Airflow Sensor","Diagnostic",85895,"Yes",5
4083,"Engine Oil & Filter","Minor Service",10814,"No",2
4084,"Cabin Air Filter","Minor Service",22951,"Yes",3
4085,"Brake Pads & Discs","Minor Service",30819,"No",2
4086,"Oxygen (O2) Sensor","Diagnostic",159979,"Yes",5
4087,"Drive/Serpentine Belt","Major Service",59418,"Yes",4
4088,"Shocks & Struts","Major Service",114261,"Yes",4
4089,"Brake Pads & Discs","Minor Service",26103,"No",2
4090,"Wiper Blades","Minor Service",21947,"Yes",3
4091,"Engine Air Filter","Minor Service",21605,"No",1
4092,"Engine Air Filter","Minor Service",20948,"Yes",5
4093,"Wiper Blades","Minor Service",15813,"Yes",3
4094,"Engine Oil & Filter","Minor Service",4657,"No",2
4095,"Coolant Flush","Major Service",67183,"No",1
4096,"Engine Air Filter","Minor Service",18705,"No",1
4097,"Drive/Serpentine Belt","Major Service",70136,"Yes",3
4098,"Brake Pads & Discs","Minor Service",37095,"Yes",4
4099,"Drive/Serpentine Belt","Major Service",64822,"No",2
4100,"Engine Air Filter","Minor Service",20942,"No",1
4101,"Wiper Blades","Minor Service",14683,"No",2
4102,"Engine Oil & Filter","Minor Service",12516,"No",1
4103,"Wiper Blades","Minor Service",14558,"Yes",4
4104,"Wiper Blades","Minor Service",13681,"No",2
4105,"Cabin Air Filter","Minor Service",15373,"No",1
4106,"Wiper Blades","Minor Service",18795,"Yes",5
4107,"Engine Air Filter","Minor Service",18842,"No",1
4108,"Thermostat","Diagnostic",110939,"Yes",5
4109,"Engine Air Filter","Minor Service",19824,"No",2
4110,"Brake Pads & Discs","Minor Service",26215,"No",2
4111,"Cabin Air Filter","Minor Service",13974,"Yes",3
4112,"Coolant Flush","Major Service",90204,"No",2
4113,"Transmission Fluid","Major Service",74146,"No",1
4114,"Shocks & Struts","Major Service",89021,"Yes",3
4115,"Cabin Air Filter","Minor Service",22743,"No",1
4116,"Drive/Serpentine Belt","Major Service",72972,"Yes",4
4117,"Oxygen (O2) Sensor","Diagnostic",98557,"Yes",4
4118,"Engine Oil & Filter","Minor Service",11773,"Yes",3
4119,"Brake Pads & Discs","Minor Service",35648,"No",1
4120,"Spark Plugs","Major Service",52063,"No",2
4121,"Engine Oil & Filter","Minor Service",12853,"No",1
4122,"Engine Oil & Filter","Minor Service",12594,"No",1
4123,"Brake Pads & Discs","Minor Service",29091,"Yes",5
4124,"Engine Oil & Filter","Minor Service",12267,"No",1
4125,"Cabin Air Filter","Minor Service",15019,"No",1
4126,"Engine Oil & Filter","Minor Service",7507,"No",2
4127,"Cabin Air Filter","Minor Service",17397,"No",2
4128,"Drive/Serpentine Belt","Major Service",65659,"Yes",5
4129,"Wiper Blades","Minor Service",18024,"Yes",3
4130,"Coolant Flush","Major Service",91521,"No",2
4131,"Cabin Air Filter","Minor Service",16913,"No",1
4132,"Cabin Air Filter","Minor Service",18675,"No",1
4133,"Spark Plugs","Major Service",55916,"No",1
4134,"Transmission Fluid","Major Service",84911,"Yes",5
4135,"Spark Plugs","Major Service",75802,"Yes",3
4136,"Engine Oil & Filter","Minor Service",8288,"No",2
4137,"Engine Oil & Filter","Minor Service",9396,"No",2
4138,"Thermostat","Diagnostic",129831,"Yes",5
4139,"Wiper Blades","Minor Service",9162,"No",1
4140,"Cabin Air Filter","Minor Service",20395,"No",2
4141,"Wiper Blades","Minor Service",15824,"No",1
4142,"Engine Oil & Filter","Minor Service",12634,"No",2
4143,"Engine Oil & Filter","Minor Service",11965,"No",2
4144,"Engine Oil & Filter","Minor Service",10635,"No",1
4145,"Cabin Air Filter","Minor Service",19069,"No",2
4146,"Drive/Serpentine Belt","Major Service",72467,"No",1
4147,"Engine Oil & Filter","Minor Service",10342,"Yes",3
4148,"Engine Air Filter","Minor Service",19672,"No",2
4149,"Engine Oil & Filter","Minor Service",9917,"No",1
4150,"Wiper Blades","Minor Service",19601,"Yes",5
4151,"Engine Oil & Filter","Minor Service",9632,"No",2
4152,"Engine Air Filter","Minor Service",16730,"No",1
4153,"Cabin Air Filter","Minor Service",21266,"Yes",4
4154,"Wiper Blades","Minor Service",15329,"No",2
4155,"Spark Plugs","Major Service",71641,"No",2
4156,"Coolant Flush","Major Service",97692,"No",1
4157,"Engine Oil & Filter","Minor Service",8250,"No",2
4158,"Brake Pads & Discs","Minor Service",29406,"No",2
4159,"Engine Oil & Filter","Minor Service",11180,"No",1
4160,"Wiper Blades","Minor Service",12787,"No",1
4161,"Brake Pads & Discs","Minor Service",36156,"Yes",4
4162,"Wiper Blades","Minor Service",13495,"No",2
4163,"Spark Plugs","Major Service",53499,"Yes",5
4164,"Engine Air Filter","Minor Service",21696,"No",2
4165,"Wiper Blades","Minor Service",16680,"Yes",5
4166,"Brake Pads & Discs","Minor Service",36218,"Yes",5
4167,"Engine Air Filter","Minor Service",15142,"Yes",5
4168,"Engine Oil & Filter","Minor Service",7223,"No",2
4169,"Oxygen (O2) Sensor","Diagnostic",125684,"Yes",4
4170,"Engine Oil & Filter","Minor Service",8745,"No",2
4171,"Engine Air Filter","Minor Service",13267,"No",2
4172,"Engine Air Filter","Minor Service",20575,"No",2
4173,"Drive/Serpentine Belt","Major Service",77264,"Yes",5
4174,"Brake Pads & Discs","Minor Service",33007,"Yes",3
4175,"Brake Pads & Discs","Minor Service",34648,"Yes",3
4176,"Cabin Air Filter","Minor Service",17907,"No",1
4177,"Cabin Air Filter","Minor Service",18526,"No",1
4178,"Engine Air Filter","Minor Service",23231,"No",2
4179,"Brake Pads & Discs","Minor Service",35140,"No",2
4180,"Engine Oil & Filter","Minor Service",9166,"No",1
4181,"Brake Pads & Discs","Minor Service",38816,"No",1
4182,"Mass Airflow Sensor","Diagnostic",105777,"Yes",5
4183,"Cabin Air Filter","Minor Service",19426,"No",2
4184,"Wiper Blades","Minor Service",12623,"No",2
4185,"Engine Air Filter","Minor Service",19575,"No",2
4186,"Brake Pads & Discs","Minor Service",43385,"No",1
4187,"Engine Air Filter","Minor Service",15466,"No",2
4188,"Wiper Blades","Minor Service",17173,"Yes",5
4189,"Wiper Blades","Minor Service",12056,"Yes",5
4190,"Engine Air Filter","Minor Service",19395,"No",1
4191,"Wiper Blades","Minor Service",13365,"Yes",4
4192,"Wiper Blades","Minor Service",11997,"No",1
4193,"Brake Pads & Discs","Minor Service",40431,"Yes",3
4194,"Fuel Pump","Diagnostic",120345,"Yes",3
4195,"Fuel Pump","Diagnostic",150710,"Yes",5
4196,"Engine Oil & Filter","Minor Service",8502,"No",1
4197,"Wiper Blades","Minor Service",23277,"Yes",5
4198,"Spark Plugs","Major Service",61607,"Yes",4
4199,"Spark Plugs","Major Service",55084,"Yes",3
4200,"Coolant Flush","Major Service",107761,"No",2
4201,"Engine Air Filter","Minor Service",23015,"No",2
4202,"Engine Oil & Filter","Minor Service",9865,"No",1
4203,"Coolant Flush","Major Service",112465,"No",1
4204,"Wiper Blades","Minor Service",24938,"Yes",5
4205,"Engine Oil & Filter","Minor Service",11037,"No",1
4206,"Engine Oil & Filter","Minor Service",9559,"No",1
4207,"Brake Pads & Discs","Minor Service",27639,"No",2
4208,"Engine Air Filter","Minor Service",20115,"No",1
4209,"Wiper Blades","Minor Service",5616,"No",2
4210,"Engine Oil & Filter","Minor Service",8760,"No",2
4211,"Cabin Air Filter","Minor Service",23055,"No",2
4212,"Engine Air Filter","Minor Service",20836,"No",1
4213,"Transmission Fluid","Major Service",79213,"No",1
4214,"Engine Oil & Filter","Minor Service",12745,"No",1
4215,"Cabin Air Filter","Minor Service",18096,"No",2
4216,"Engine Oil & Filter","Minor Service",9052,"No",1
4217,"Brake Pads & Discs","Minor Service",36587,"Yes",3
4218,"Wiper Blades","Minor Service",17582,"Yes",5
4219,"Brake Pads & Discs","Minor Service",27576,"No",1
4220,"Engine Oil & Filter","Minor Service",6368,"No",1
4221,"Engine Air Filter","Minor Service",22641,"No",2
4222,"Engine Air Filter","Minor Service",20470,"No",2
4223,"Cabin Air Filter","Minor Service",19729,"No",1
4224,"Wiper Blades","Minor Service",7925,"No",2
4225,"Shocks & Struts","Major Service",85912,"Yes",4
4226,"Engine Air Filter","Minor Service",19432,"No",2
4227,"Engine Oil & Filter","Minor Service",8461,"No",1
4228,"Spark Plugs","Major Service",59102,"Yes",3
4229,"Engine Oil & Filter","Minor Service",6154,"No",1
4230,"Cabin Air Filter","Minor Service",20249,"No",1
4231,"Oxygen (O2) Sensor","Diagnostic",122228,"Yes",3
4232,"Wiper Blades","Minor Service",17252,"No",1
4233,"Drive/Serpentine Belt","Major Service",88280,"Yes",4
4234,"Transmission Fluid","Major Service",95863,"No",2
4235,"Engine Oil & Filter","Minor Service",9052,"No",1
4236,"Engine Oil & Filter","Minor Service",8854,"No",1
4237,"Spark Plugs","Major Service",67259,"Yes",3
4238,"Engine Oil & Filter","Minor Service",9321,"No",2
4239,"Brake Pads & Discs","Minor Service",36083,"Yes",4
4240,"Thermostat","Diagnostic",87927,"Yes",5
4241,"Brake Pads & Discs","Minor Service",32321,"No",2
4242,"Drive/Serpentine Belt","Major Service",68278,"Yes",4
4243,"Brake Pads & Discs","Minor Service",34722,"No",1
4244,"Brake Pads & Discs","Minor Service",35814,"Yes",3
4245,"Cabin Air Filter","Minor Service",24373,"No",1
4246,"Drive/Serpentine Belt","Major Service",77156,"No",2
4247,"Wiper Blades","Minor Service",15140,"No",2
4248,"Wiper Blades","Minor Service",16099,"No",2
4249,"Coolant Flush","Major Service",99919,"No",1
4250,"Alternator","Diagnostic",149864,"Yes",5
4251,"Thermostat","Diagnostic",110352,"Yes",3
4252,"Engine Oil & Filter","Minor Service",13831,"No",2
4253,"Cabin Air Filter","Minor Service",19644,"No",2
4254,"Engine Air Filter","Minor Service",15410,"No",1
4255,"Engine Oil & Filter","Minor Service",8152,"No",2
4256,"Wiper Blades","Minor Service",13983,"No",2
4257,"Wiper Blades","Minor Service",15010,"No",1
4258,"Wiper Blades","Minor Service",18120,"No",1
4259,"Shocks & Struts","Major Service",90610,"Yes",3
4260,"Wiper Blades","Minor Service",9938,"No",2
4261,"Engine Air Filter","Minor Service",20748,"No",1
4262,"Brake Pads & Discs","Minor Service",41355,"No",1
4263,"Drive/Serpentine Belt","Major Service",90241,"Yes",4
4264,"Spark Plugs","Major Service",63693,"Yes",5
4265,"Cabin Air Filter","Minor Service",22617,"Yes",4
4266,"Cabin Air Filter","Minor Service",18774,"No",2
4267,"Engine Air Filter","Minor Service",15446,"No",2
4268,"Cabin Air Filter","Minor Service",21322,"No",1
4269,"Engine Air Filter","Minor Service",20986,"No",1
4270,"Cabin Air Filter","Minor Service",19800,"Yes",3
4271,"Engine Oil & Filter","Minor Service",11951,"Yes",3
4272,"Wiper Blades","Minor Service",17332,"Yes",3
4273,"Engine Oil & Filter","Minor Service",10824,"Yes",5
4274,"Engine Oil & Filter","Minor Service",8435,"No",2
4275,"Engine Air Filter","Minor Service",24828,"Yes",5
4276,"Oxygen (O2) Sensor","Diagnostic",101315,"Yes",3
4277,"Cabin Air Filter","Minor Service",25682,"No",2
4278,"Brake Pads & Discs","Minor Service",39147,"Yes",5
4279,"Cabin Air Filter","Minor Service",18016,"No",1
4280,"Shocks & Struts","Major Service",88185,"No",1
4281,"Engine Air Filter","Minor Service",20123,"No",1
4282,"Cabin Air Filter","Minor Service",17962,"No",1
4283,"Spark Plugs","Major Service",62749,"Yes",4
4284,"Wiper Blades","Minor Service",18914,"No",1
4285,"Engine Oil & Filter","Minor Service",9227,"No",2
4286,"Engine Air Filter","Minor Service",14613,"Yes",5
4287,"Engine Oil & Filter","Minor Service",8311,"No",2
4288,"Wiper Blades","Minor Service",22535,"Yes",3
4289,"Engine Air Filter","Minor Service",16910,"No",1
4290,"Engine Air Filter","Minor Service",14337,"No",1
4291,"Alternator","Diagnostic",84640,"Yes",4
4292,"Engine Oil & Filter","Minor Service",10198,"Yes",5
4293,"Engine Oil & Filter","Minor Service",8335,"No",1
4294,"Transmission Fluid","Major Service",91090,"Yes",3
4295,"Cabin Air Filter","Minor Service",17123,"No",2
4296,"Engine Oil & Filter","Minor Service",7912,"No",1
4297,"Wiper Blades","Minor Service",14609,"No",1
4298,"Cabin Air Filter","Minor Service",22997,"No",2
4299,"Engine Air Filter","Minor Service",21199,"Yes",5
4300,"Spark Plugs","Major Service",54986,"No",1
4301,"Cabin Air Filter","Minor Service",22933,"Yes",4
4302,"Engine Air Filter","Minor Service",21306,"Yes",3
4303,"Engine Oil & Filter","Minor Service",10565,"No",1
4304,"Engine Air Filter","Minor Service",19126,"No",1
4305,"Coolant Flush","Major Service",102573,"No",1
4306,"Engine Air Filter","Minor Service",14853,"No",1
4307,"Drive/Serpentine Belt","Major Service",59843,"No",2
4308,"Wiper Blades","Minor Service",14720,"Yes",3
4309,"Engine Air Filter","Minor Service",23239,"No",2
4310,"Spark Plugs","Major Service",48756,"No",2
4311,"Engine Oil & Filter","Minor Service",10621,"No",2
4312,"Spark Plugs","Major Service",74193,"Yes",4
4313,"Drive/Serpentine Belt","Major Service",60651,"Yes",4
4314,"Cabin Air Filter","Minor Service",16163,"No",1
4315,"Engine Air Filter","Minor Service",21725,"Yes",5
4316,"Brake Pads & Discs","Minor Service",38318,"No",2
4317,"Wiper Blades","Minor Service",13618,"No",1
4318,"Spark Plugs","Major Service",61934,"Yes",5
4319,"Brake Pads & Discs","Minor Service",39237,"No",1
4320,"Cabin Air Filter","Minor Service",18263,"No",1
4321,"Coolant Flush","Major Service",95969,"No",1
4322,"Spark Plugs","Major Service",66156,"Yes",5
4323,"Engine Oil & Filter","Minor Service",7663,"No",1
4324,"Wiper Blades","Minor Service",17687,"No",1
4325,"Coolant Flush","Major Service",127410,"No",1
4326,"Engine Air Filter","Minor Service",24910,"Yes",4
4327,"Engine Air Filter","Minor Service",16225,"No",2
4328,"Coolant Flush","Major Service",95044,"No",2
4329,"Engine Oil & Filter","Minor Service",10222,"No",1
4330,"Shocks & Struts","Major Service",101489,"Yes",5
4331,"Wiper Blades","Minor Service",12550,"No",1
4332,"Engine Oil & Filter","Minor Service",11765,"Yes",3
4333,"Transmission Fluid","Major Service",84429,"Yes",4
4334,"Brake Pads & Discs","Minor Service",41564,"Yes",3
4335,"Transmission Fluid","Major Service",82155,"Yes",5
4336,"Drive/Serpentine Belt","Major Service",66936,"Yes",4
4337,"Wiper Blades","Minor Service",15829,"No",1
4338,"Wiper Blades","Minor Service",19596,"Yes",4
4339,"Engine Oil & Filter","Minor Service",12286,"No",2
4340,"Spark Plugs","Major Service",49978,"Yes",3
4341,"Transmission Fluid","Major Service",74147,"No",2
4342,"Cabin Air Filter","Minor Service",19134,"No",2
4343,"Spark Plugs","Major Service",50543,"No",2
4344,"Spark Plugs","Major Service",66541,"No",1
4345,"Wiper Blades","Minor Service",12811,"Yes",5
4346,"Cabin Air Filter","Minor Service",24956,"Yes",3
4347,"Brake Pads & Discs","Minor Service",38498,"Yes",3
4348,"Wiper Blades","Minor Service",10010,"Yes",3
4349,"Engine Oil & Filter","Minor Service",10869,"No",2
4350,"Cabin Air Filter","Minor Service",17672,"No",1
4351,"Spark Plugs","Major Service",51482,"No",2
4352,"Engine Air Filter","Minor Service",17818,"No",2
4353,"Engine Air Filter","Minor Service",18410,"No",1
4354,"Engine Air Filter","Minor Service",16584,"Yes",3
4355,"Wiper Blades","Minor Service",15960,"Yes",5
4356,"Engine Oil & Filter","Minor Service",9557,"No",2
4357,"Engine Air Filter","Minor Service",16523,"No",2
4358,"Transmission Fluid","Major Service",86228,"No",1
4359,"Engine Air Filter","Minor Service",13315,"No",1
4360,"Brake Pads & Discs","Minor Service",34625,"No",2
4361,"Engine Air Filter","Minor Service",19627,"No",1
4362,"Wiper Blades","Minor Service",12126,"No",2
4363,"Brake Pads & Discs","Minor Service",32941,"Yes",4
4364,"Shocks & Struts","Major Service",68528,"No",2
4365,"Coolant Flush","Major Service",112693,"No",2
4366,"Engine Oil & Filter","Minor Service",6723,"No",1
4367,"Engine Oil & Filter","Minor Service",11544,"No",2
4368,"Wiper Blades","Minor Service",20615,"No",1
4369,"Coolant Flush","Major Service",121011,"Yes",5
4370,"Engine Oil & Filter","Minor Service",7896,"No",1
4371,"Cabin Air Filter","Minor Service",21714,"No",1
4372,"Engine Air Filter","Minor Service",19180,"No",2
4373,"Cabin Air Filter","Minor Service",16734,"No",2
4374,"Cabin Air Filter","Minor Service",19839,"No",1
4375,"Oxygen (O2) Sensor","Diagnostic",98945,"Yes",5
4376,"Wiper Blades","Minor Service",10040,"Yes",3
4377,"Wiper Blades","Minor Service",18382,"No",2
4378,"Transmission Fluid","Major Service",79559,"Yes",4
4379,"Wiper Blades","Minor Service",16795,"Yes",5
4380,"Wiper Blades","Minor Service",15328,"Yes",3
4381,"Brake Pads & Discs","Minor Service",36768,"Yes",4
4382,"Shocks & Struts","Major Service",123555,"Yes",5
4383,"Spark Plugs","Major Service",63717,"Yes",3
4384,"Spark Plugs","Major Service",47721,"No",1
4385,"Engine Air Filter","Minor Service",22129,"No",1
4386,"Spark Plugs","Major Service",82884,"Yes",3
4387,"Wiper Blades","Minor Service",12454,"No",2
4388,"Wiper Blades","Minor Service",6748,"No",1
4389,"Wiper Blades","Minor Service",12287,"Yes",4
4390,"Engine Air Filter","Minor Service",24587,"Yes",4
4391,"Cabin Air Filter","Minor Service",15541,"No",1
4392,"Brake Pads & Discs","Minor Service",31200,"No",1
4393,"Engine Oil & Filter","Minor Service",10223,"Yes",4
4394,"Wiper Blades","Minor Service",10149,"No",2
4395,"Cabin Air Filter","Minor Service",15196,"No",1
4396,"Spark Plugs","Major Service",67050,"No",2
4397,"Engine Oil & Filter","Minor Service",9780,"No",1
4398,"Brake Pads & Discs","Minor Service",40708,"Yes",5
4399,"Brake Pads & Discs","Minor Service",31011,"Yes",3
4400,"Brake Pads & Discs","Minor Service",34899,"No",1
4401,"Engine Air Filter","Minor Service",16603,"No",1
4402,"Drive/Serpentine Belt","Major Service",82576,"Yes",4
4403,"Wiper Blades","Minor Service",9518,"No",1
4404,"Shocks & Struts","Major Service",81859,"Yes",4
4405,"Wiper Blades","Minor Service",12534,"No",2
4406,"Brake Pads & Discs","Minor Service",37221,"No",1
4407,"Engine Oil & Filter","Minor Service",10643,"Yes",4
4408,"Brake Pads & Discs","Minor Service",28166,"No",2
4409,"Wiper Blades","Minor Service",17727,"No",1
4410,"Spark Plugs","Major Service",66866,"Yes",5
4411,"Engine Air Filter","Minor Service",25494,"No",1
4412,"Wiper Blades","Minor Service",16061,"Yes",3
4413,"Cabin Air Filter","Minor Service",17681,"No",1
4414,"Engine Oil & Filter","Minor Service",7978,"No",2
4415,"Wiper Blades","Minor Service",18842,"Yes",3
4416,"Engine Oil & Filter","Minor Service",10739,"Yes",5
4417,"Spark Plugs","Major Service",61555,"Yes",3
4418,"Wiper Blades","Minor Service",10627,"Yes",4
4419,"Engine Oil & Filter","Minor Service",6847,"No",1
4420,"Shocks & Struts","Major Service",103824,"Yes",4
4421,"Spark Plugs","Major Service",75208,"Yes",4
4422,"Brake Pads & Discs","Minor Service",38017,"No",1
4423,"Wiper Blades","Minor Service",20480,"No",2
4424,"Engine Oil & Filter","Minor Service",13406,"No",1
4425,"Engine Oil & Filter","Minor Service",8648,"No",1
4426,"Thermostat","Diagnostic",106612,"Yes",5
4427,"Wiper Blades","Minor Service",9057,"No",2
4428,"Coolant Flush","Major Service",112615,"No",2
4429,"Wiper Blades","Minor Service",13698,"No",2
4430,"Brake Pads & Discs","Minor Service",25978,"No",2
4431,"Brake Pads & Discs","Minor Service",38734,"Yes",5
4432,"Engine Oil & Filter","Minor Service",10747,"Yes",5
4433,"Engine Air Filter","Minor Service",16133,"No",1
4434,"Engine Air Filter","Minor Service",10612,"No",2
4435,"Oxygen (O2) Sensor","Diagnostic",118024,"Yes",3
4436,"Cabin Air Filter","Minor Service",18396,"No",2
4437,"Cabin Air Filter","Minor Service",21029,"No",2
4438,"Engine Oil & Filter","Minor Service",11402,"No",2
4439,"Wiper Blades","Minor Service",11376,"No",2
4440,"Cabin Air Filter","Minor Service",19028,"No",1
4441,"Wiper Blades","Minor Service",16600,"No",1
4442,"Engine Air Filter","Minor Service",21303,"No",1
4443,"Drive/Serpentine Belt","Major Service",69013,"No",1
4444,"Cabin Air Filter","Minor Service",16557,"No",2
4445,"Engine Oil & Filter","Minor Service",9372,"No",1
4446,"Wiper Blades","Minor Service",13470,"No",1
4447,"Oxygen (O2) Sensor","Diagnostic",120756,"Yes",3
4448,"Brake Pads & Discs","Minor Service",32097,"Yes",4
4449,"Engine Oil & Filter","Minor Service",10377,"Yes",5
4450,"Spark Plugs","Major Service",54287,"Yes",3
4451,"Brake Pads & Discs","Minor Service",37440,"Yes",5
4452,"Engine Oil & Filter","Minor Service",8905,"No",1
4453,"Engine Oil & Filter","Minor Service",12900,"No",1
4454,"Coolant Flush","Major Service",78363,"No",1
4455,"Shocks & Struts","Major Service",98884,"Yes",5
4456,"Engine Oil & Filter","Minor Service",8815,"No",2
4457,"Engine Air Filter","Minor Service",22085,"Yes",4
4458,"Engine Oil & Filter","Minor Service",6755,"No",2
4459,"Engine Air Filter","Minor Service",21231,"No",1
4460,"Spark Plugs","Major Service",56302,"No",2
4461,"Engine Air Filter","Minor Service",22571,"No",1
4462,"Engine Air Filter","Minor Service",23105,"No",2
4463,"Engine Air Filter","Minor Service",20848,"No",1
4464,"Cabin Air Filter","Minor Service",19248,"No",1
4465,"Engine Air Filter","Minor Service",20268,"No",1
4466,"Cabin Air Filter","Minor Service",20530,"Yes",5
4467,"Brake Pads & Discs","Minor Service",29280,"No",2
4468,"Wiper Blades","Minor Service",12664,"No",1
4469,"Wiper Blades","Minor Service",17563,"No",1
4470,"Cabin Air Filter","Minor Service",14673,"No",1
4471,"Wiper Blades","Minor Service",20517,"Yes",4
4472,"Wiper Blades","Minor Service",8610,"Yes",4
4473,"Cabin Air Filter","Minor Service",15688,"No",1
4474,"Engine Oil & Filter","Minor Service",8088,"No",1
4475,"Cabin Air Filter","Minor Service",19805,"No",2
4476,"Cabin Air Filter","Minor Service",24076,"Yes",5
4477,"Wiper Blades","Minor Service",11373,"Yes",4
4478,"Drive/Serpentine Belt","Major Service",61284,"No",1
4479,"Spark Plugs","Major Service",72646,"Yes",3
4480,"Wiper Blades","Minor Service",15187,"Yes",4
4481,"Drive/Serpentine Belt","Major Service",57391,"Yes",3
4482,"Spark Plugs","Major Service",55617,"No",2
4483,"Drive/Serpentine Belt","Major Service",76570,"No",1
4484,"Wiper Blades","Minor Service",20410,"No",1
4485,"Brake Pads & Discs","Minor Service",30945,"No",2
4486,"Wiper Blades","Minor Service",18514,"Yes",4
4487,"Engine Air Filter","Minor Service",17672,"No",2
4488,"Engine Oil & Filter","Minor Service",9278,"No",1
4489,"Wiper Blades","Minor Service",11999,"No",2
4490,"Mass Airflow Sensor","Diagnostic",97456,"Yes",4
4491,"Wiper Blades","Minor Service",22254,"No",2
4492,"Wiper Blades","Minor Service",14086,"No",1
4493,"Engine Air Filter","Minor Service",21764,"No",1
4494,"Cabin Air Filter","Minor Service",18025,"No",1
4495,"Engine Oil & Filter","Minor Service",10594,"Yes",3
4496,"Engine Oil & Filter","Minor Service",10107,"Yes",5
4497,"Brake Pads & Discs","Minor Service",28122,"No",2
4498,"Spark Plugs","Major Service",47536,"Yes",3
4499,"Engine Oil & Filter","Minor Service",13738,"Yes",4
4500,"Engine Air Filter","Minor Service",28935,"Yes",3
4501,"Engine Air Filter","Minor Service",13656,"No",2
4502,"Brake Pads & Discs","Minor Service",33699,"Yes",4
4503,"Engine Air Filter","Minor Service",19774,"No",1
4504,"Cabin Air Filter","Minor Service",22528,"No",2
4505,"Drive/Serpentine Belt","Major Service",55401,"Yes",4
4506,"Engine Oil & Filter","Minor Service",8502,"No",1
4507,"Thermostat","Diagnostic",106022,"Yes",5
4508,"Engine Air Filter","Minor Service",18676,"No",2
4509,"Thermostat","Diagnostic",100118,"Yes",3
4510,"Engine Air Filter","Minor Service",19065,"No",1
4511,"Wiper Blades","Minor Service",19638,"Yes",3
4512,"Engine Air Filter","Minor Service",23019,"Yes",3
4513,"Engine Oil & Filter","Minor Service",10218,"No",1
4514,"Engine Air Filter","Minor Service",20409,"No",2
4515,"Wiper Blades","Minor Service",19119,"No",1
4516,"Engine Air Filter","Minor Service",15089,"No",2
4517,"Wiper Blades","Minor Service",13147,"No",2
4518,"Brake Pads & Discs","Minor Service",42223,"Yes",5
4519,"Oxygen (O2) Sensor","Diagnostic",139128,"Yes",3
4520,"Engine Oil & Filter","Minor Service",13347,"No",2
4521,"Wiper Blades","Minor Service",6804,"No",1
4522,"Wiper Blades","Minor Service",14353,"Yes",3
4523,"Engine Oil & Filter","Minor Service",7550,"No",1
4524,"Wiper Blades","Minor Service",9701,"Yes",4
4525,"Brake Pads & Discs","Minor Service",32233,"Yes",4
4526,"Wiper Blades","Minor Service",11898,"Yes",3
4527,"Transmission Fluid","Major Service",89506,"No",1
4528,"Cabin Air Filter","Minor Service",19091,"No",1
4529,"Wiper Blades","Minor Service",16204,"Yes",3
4530,"Engine Air Filter","Minor Service",20875,"No",2
4531,"Spark Plugs","Major Service",67754,"Yes",5
4532,"Drive/Serpentine Belt","Major Service",68797,"Yes",5
4533,"Coolant Flush","Major Service",93443,"No",1
4534,"Cabin Air Filter","Minor Service",17427,"Yes",4
4535,"Engine Air Filter","Minor Service",19739,"Yes",3
4536,"Spark Plugs","Major Service",72601,"Yes",3
4537,"Engine Air Filter","Minor Service",16361,"No",1
4538,"Thermostat","Diagnostic",114604,"Yes",3
4539,"Engine Air Filter","Minor Service",19423,"No",1
4540,"Shocks & Struts","Major Service",83379,"No",1
4541,"Drive/Serpentine Belt","Major Service",70565,"Yes",4
4542,"Transmission Fluid","Major Service",74343,"No",1
4543,"Wiper Blades","Minor Service",25548,"No",1
4544,"Engine Oil & Filter","Minor Service",7710,"No",2
4545,"Engine Air Filter","Minor Service",16928,"No",1
4546,"Engine Air Filter","Minor Service",19973,"Yes",4
4547,"Engine Air Filter","Minor Service",18198,"No",2
4548,"Brake Pads & Discs","Minor Service",34456,"Yes",3
4549,"Engine Air Filter","Minor Service",22362,"No",1
4550,"Spark Plugs","Major Service",55020,"Yes",3
4551,"Brake Pads & Discs","Minor Service",30687,"Yes",4
4552,"Engine Oil & Filter","Minor Service",8171,"No",2
4553,"Cabin Air Filter","Minor Service",12845,"No",1
4554,"Oxygen (O2) Sensor","Diagnostic",87642,"Yes",5
4555,"Engine Air Filter","Minor Service",22075,"Yes",5
4556,"Engine Oil & Filter","Minor Service",12048,"Yes",4
4557,"Engine Air Filter","Minor Service",18181,"No",2
4558,"Engine Oil & Filter","Minor Service",11846,"No",1
4559,"Engine Oil & Filter","Minor Service",12103,"No",1
4560,"Spark Plugs","Major Service",49949,"Yes",3
4561,"Thermostat","Diagnostic",88298,"No",2
4562,"Wiper Blades","Minor Service",16334,"Yes",3
4563,"Engine Oil & Filter","Minor Service",12004,"No",1
4564,"Thermostat","Diagnostic",111040,"Yes",5
4565,"Brake Pads & Discs","Minor Service",42384,"Yes",5
4566,"Engine Oil & Filter","Minor Service",7760,"No",1
4567,"Transmission Fluid","Major Service",78622,"No",1
4568,"Wiper Blades","Minor Service",9666,"No",1
4569,"Brake Pads & Discs","Minor Service",39142,"No",1
4570,"Wiper Blades","Minor Service",17252,"Yes",3
4571,"Wiper Blades","Minor Service",12682,"No",2
4572,"Brake Pads & Discs","Minor Service",39010,"Yes",3
4573,"Wiper Blades","Minor Service",15379,"No",1
4574,"Wiper Blades","Minor Service",17681,"No",1
4575,"Wiper Blades","Minor Service",15736,"Yes",3
4576,"Cabin Air Filter","Minor Service",18115,"No",2
4577,"Transmission Fluid","Major Service",81596,"Yes",3
4578,"Transmission Fluid","Major Service",82963,"No",1
4579,"Cabin Air Filter","Minor Service",20126,"No",1
4580,"Engine Air Filter","Minor Service",20084,"No",1
4581,"Drive/Serpentine Belt","Major Service",76585,"Yes",5
4582,"Engine Oil & Filter","Minor Service",8131,"No",2
4583,"Spark Plugs","Major Service",65281,"No",1
4584,"Brake Pads & Discs","Minor Service",24552,"No",1
4585,"Engine Oil & Filter","Minor Service",7989,"No",2
4586,"Engine Air Filter","Minor Service",20335,"No",2
4587,"Engine Oil & Filter","Minor Service",8927,"No",1
4588,"Cabin Air Filter","Minor Service",20385,"No",1
4589,"Brake Pads & Discs","Minor Service",23207,"No",2
4590,"Engine Oil & Filter","Minor Service",10830,"Yes",4
4591,"Wiper Blades","Minor Service",14344,"Yes",5
4592,"Brake Pads & Discs","Minor Service",45917,"Yes",4
4593,"Thermostat","Diagnostic",112081,"Yes",4
4594,"Engine Air Filter","Minor Service",19958,"No",2
4595,"Wiper Blades","Minor Service",15061,"Yes",4
4596,"Cabin Air Filter","Minor Service",23168,"No",2
4597,"Wiper Blades","Minor Service",11232,"No",2
4598,"Cabin Air Filter","Minor Service",20250,"No",2
4599,"Cabin Air Filter","Minor Service",17910,"No",1
4600,"Cabin Air Filter","Minor Service",19503,"No",1
4601,"Engine Air Filter","Minor Service",19481,"No",2
4602,"Mass Airflow Sensor","Diagnostic",93376,"Yes",4
4603,"Engine Air Filter","Minor Service",20232,"Yes",4
4604,"Wiper Blades","Minor Service",18272,"Yes",3
4605,"Brake Pads & Discs","Minor Service",37872,"Yes",5
4606,"Engine Air Filter","Minor Service",23722,"Yes",3
4607,"Engine Air Filter","Minor Service",17161,"No",2
4608,"Brake Pads & Discs","Minor Service",36949,"No",2
4609,"Cabin Air Filter","Minor Service",18382,"No",1
4610,"Brake Pads & Discs","Minor Service",37428,"No",2
4611,"Coolant Flush","Major Service",80315,"No",2
4612,"Engine Oil & Filter","Minor Service",12215,"No",2
4613,"Wiper Blades","Minor Service",13241,"No",2
4614,"Engine Oil & Filter","Minor Service",11581,"No",1
4615,"Brake Pads & Discs","Minor Service",28448,"No",1
4616,"Transmission Fluid","Major Service",89287,"Yes",3
4617,"Engine Oil & Filter","Minor Service",7719,"No",2
4618,"Engine Air Filter","Minor Service",20995,"Yes",4
4619,"Drive/Serpentine Belt","Major Service",60423,"Yes",4
4620,"Thermostat","Diagnostic",114553,"Yes",4
4621,"Wiper Blades","Minor Service",13871,"No",1
4622,"Engine Oil & Filter","Minor Service",11074,"No",1
4623,"Wiper Blades","Minor Service",18062,"No",2
4624,"Engine Air Filter","Minor Service",17147,"No",1
4625,"Cabin Air Filter","Minor Service",19426,"No",1
4626,"Drive/Serpentine Belt","Major Service",57656,"Yes",4
4627,"Engine Air Filter","Minor Service",24373,"No",2
4628,"Engine Oil & Filter","Minor Service",9481,"No",2
4629,"Spark Plugs","Major Service",61562,"Yes",4
4630,"Engine Oil & Filter","Minor Service",9371,"No",2
4631,"Wiper Blades","Minor Service",10552,"No",1
4632,"Engine Air Filter","Minor Service",18834,"No",2
4633,"Spark Plugs","Major Service",74926,"Yes",5
4634,"Engine Air Filter","Minor Service",24228,"No",1
4635,"Wiper Blades","Minor Service",16417,"No",2
4636,"Wiper Blades","Minor Service",9518,"No",1
4637,"Transmission Fluid","Major Service",86126,"Yes",4
4638,"Engine Air Filter","Minor Service",18239,"No",1
4639,"Engine Oil & Filter","Minor Service",15308,"No",1
4640,"Drive/Serpentine Belt","Major Service",78444,"No",2
4641,"Wiper Blades","Minor Service",19152,"Yes",5
4642,"Engine Oil & Filter","Minor Service",11411,"Yes",5
4643,"Engine Oil & Filter","Minor Service",7633,"No",1
4644,"Engine Air Filter","Minor Service",22948,"Yes",4
4645,"Cabin Air Filter","Minor Service",22466,"Yes",5
4646,"Engine Oil & Filter","Minor Service",10389,"No",1
4647,"Wiper Blades","Minor Service",19136,"No",2
4648,"Cabin Air Filter","Minor Service",21427,"No",2
4649,"Wiper Blades","Minor Service",13032,"No",2
4650,"Engine Oil & Filter","Minor Service",9305,"Yes",4
4651,"Cabin Air Filter","Minor Service",23880,"No",1
4652,"Cabin Air Filter","Minor Service",18976,"No",2
4653,"Cabin Air Filter","Minor Service",21517,"No",2
4654,"Engine Air Filter","Minor Service",18371,"No",2
4655,"Shocks & Struts","Major Service",88123,"Yes",4
4656,"Cabin Air Filter","Minor Service",15898,"No",2
4657,"Engine Air Filter","Minor Service",21650,"No",2
4658,"Spark Plugs","Major Service",50942,"No",1
4659,"Engine Air Filter","Minor Service",18313,"No",1
4660,"Wiper Blades","Minor Service",14674,"Yes",3
4661,"Engine Air Filter","Minor Service",21178,"Yes",4
4662,"Brake Pads & Discs","Minor Service",30616,"No",1
4663,"Transmission Fluid","Major Service",87007,"Yes",4
4664,"Wiper Blades","Minor Service",12478,"Yes",4
4665,"Brake Pads & Discs","Minor Service",38210,"Yes",3
4666,"Wiper Blades","Minor Service",11161,"Yes",4
4667,"Wiper Blades","Minor Service",13940,"No",2
4668,"Engine Oil & Filter","Minor Service",12078,"No",2
4669,"Thermostat","Diagnostic",79185,"No",1
4670,"Engine Oil & Filter","Minor Service",6002,"No",2
4671,"Engine Air Filter","Minor Service",15667,"No",1
4672,"Engine Oil & Filter","Minor Service",9237,"No",2
4673,"Drive/Serpentine Belt","Major Service",69178,"No",2
4674,"Coolant Flush","Major Service",91197,"No",2
4675,"Wiper Blades","Minor Service",14050,"No",2
4676,"Engine Oil & Filter","Minor Service",8224,"No",2
4677,"Drive/Serpentine Belt","Major Service",64997,"No",1
4678,"Engine Oil & Filter","Minor Service",15007,"No",1
4679,"Brake Pads & Discs","Minor Service",42928,"No",1
4680,"Engine Oil & Filter","Minor Service",8568,"No",2
4681,"Engine Air Filter","Minor Service",17743,"No",1
4682,"Brake Pads & Discs","Minor Service",34897,"No",2
4683,"Engine Oil & Filter","Minor Service",5660,"No",2
4684,"Cabin Air Filter","Minor Service",19697,"Yes",4
4685,"Wiper Blades","Minor Service",16718,"No",1
4686,"Engine Oil & Filter","Minor Service",9132,"Yes",3
4687,"Brake Pads & Discs","Minor Service",32994,"Yes",5
4688,"Shocks & Struts","Major Service",93748,"Yes",5
4689,"Engine Air Filter","Minor Service",18576,"No",2
4690,"Cabin Air Filter","Minor Service",20242,"No",2
4691,"Engine Oil & Filter","Minor Service",13783,"No",2
4692,"Spark Plugs","Major Service",65017,"Yes",5
4693,"Shocks & Struts","Major Service",95981,"Yes",5
4694,"Coolant Flush","Major Service",99372,"No",1
4695,"Cabin Air Filter","Minor Service",21605,"No",2
4696,"Engine Oil & Filter","Minor Service",10294,"No",1
4697,"Transmission Fluid","Major Service",79695,"No",1
4698,"Engine Oil & Filter","Minor Service",10603,"Yes",3
4699,"Cabin Air Filter","Minor Service",19378,"No",1
4700,"Coolant Flush","Major Service",112230,"No",2
4701,"Brake Pads & Discs","Minor Service",29840,"No",2
4702,"Wiper Blades","Minor Service",18438,"Yes",3
4703,"Engine Oil & Filter","Minor Service",10137,"Yes",4
4704,"Drive/Serpentine Belt","Major Service",59197,"Yes",3
4705,"Wiper Blades","Minor Service",12435,"Yes",5
4706,"Wiper Blades","Minor Service",16524,"No",1
4707,"Spark Plugs","Major Service",45516,"No",2
4708,"Engine Oil & Filter","Minor Service",12245,"No",2
4709,"Drive/Serpentine Belt","Major Service",57379,"No",2
4710,"Thermostat","Diagnostic",95880,"Yes",5
4711,"Wiper Blades","Minor Service",20471,"No",1
4712,"Brake Pads & Discs","Minor Service",39844,"Yes",4
4713,"Cabin Air Filter","Minor Service",13674,"No",2
4714,"Engine Air Filter","Minor Service",20189,"Yes",4
4715,"Cabin Air Filter","Minor Service",20796,"Yes",3
4716,"Drive/Serpentine Belt","Major Service",69461,"Yes",4
4717,"Shocks & Struts","Major Service",104156,"Yes",4
4718,"Brake Pads & Discs","Minor Service",33689,"No",1
4719,"Engine Air Filter","Minor Service",25678,"Yes",3
4720,"Engine Air Filter","Minor Service",19972,"Yes",5
4721,"Wiper Blades","Minor Service",18904,"No",2
4722,"Wiper Blades","Minor Service",15679,"Yes",3
4723,"Shocks & Struts","Major Service",94151,"Yes",4
4724,"Wiper Blades","Minor Service",12971,"No",2
4725,"Spark Plugs","Major Service",72000,"Yes",4
4726,"Engine Air Filter","Minor Service",19736,"Yes",5
4727,"Wiper Blades","Minor Service",14685,"No",1
4728,"Spark Plugs","Major Service",69007,"Yes",5
4729,"Wiper Blades","Minor Service",14459,"Yes",4
4730,"Wiper Blades","Minor Service",11510,"No",1
4731,"Engine Oil & Filter","Minor Service",8685,"No",2
4732,"Wiper Blades","Minor Service",22961,"Yes",5
4733,"Engine Air Filter","Minor Service",22747,"No",1
4734,"Shocks & Struts","Major Service",80453,"Yes",3
4735,"Brake Pads & Discs","Minor Service",37789,"Yes",5
4736,"Engine Air Filter","Minor Service",17890,"No",2
4737,"Drive/Serpentine Belt","Major Service",57269,"Yes",3
4738,"Wiper Blades","Minor Service",16035,"No",1
4739,"Engine Air Filter","Minor Service",20670,"No",1
4740,"Brake Pads & Discs","Minor Service",23082,"Yes",4
4741,"Engine Air Filter","Minor Service",17926,"No",1
4742,"Wiper Blades","Minor Service",14544,"No",2
4743,"Engine Oil & Filter","Minor Service",11669,"Yes",4
4744,"Wiper Blades","Minor Service",14541,"No",2
4745,"Engine Air Filter","Minor Service",20844,"No",1
4746,"Brake Pads & Discs","Minor Service",42525,"Yes",5
4747,"Coolant Flush","Major Service",50912,"No",1
4748,"Brake Pads & Discs","Minor Service",30212,"No",2
4749,"Engine Air Filter","Minor Service",24808,"No",1
4750,"Engine Oil & Filter","Minor Service",5852,"No",1
4751,"Engine Oil & Filter","Minor Service",10855,"No",1
4752,"Engine Oil & Filter","Minor Service",8175,"No",1
4753,"Wiper Blades","Minor Service",19497,"No",1
4754,"Cabin Air Filter","Minor Service",18552,"No",2
4755,"Brake Pads & Discs","Minor Service",37889,"Yes",5
4756,"Spark Plugs","Major Service",57846,"Yes",5
4757,"Spark Plugs","Major Service",56493,"No",1
4758,"Spark Plugs","Major Service",69068,"No",1
4759,"Cabin Air Filter","Minor Service",20289,"No",1
4760,"Cabin Air Filter","Minor Service",18578,"No",1
4761,"Oxygen (O2) Sensor","Diagnostic",105688,"Yes",5
4762,"Engine Oil & Filter","Minor Service",9628,"No",1
4763,"Wiper Blades","Minor Service",19831,"Yes",4
4764,"Cabin Air Filter","Minor Service",17404,"No",1
4765,"Coolant Flush","Major Service",123699,"No",2
4766,"Engine Air Filter","Minor Service",20095,"Yes",4
4767,"Wiper Blades","Minor Service",12476,"Yes",3
4768,"Wiper Blades","Minor Service",12157,"No",2
4769,"Wiper Blades","Minor Service",21193,"No",1
4770,"Coolant Flush","Major Service",100005,"Yes",4
4771,"Transmission Fluid","Major Service",81344,"No",2
4772,"Engine Air Filter","Minor Service",21905,"No",2
4773,"Engine Oil & Filter","Minor Service",9703,"No",1
4774,"Brake Pads & Discs","Minor Service",31638,"Yes",4
4775,"Cabin Air Filter","Minor Service",20503,"No",1
4776,"Engine Air Filter","Minor Service",18716,"No",2
4777,"Wiper Blades","Minor Service",10781,"Yes",3
4778,"Engine Oil & Filter","Minor Service",12050,"No",1
4779,"Wiper Blades","Minor Service",11842,"Yes",3
4780,"Brake Pads & Discs","Minor Service",37490,"No",2
4781,"Drive/Serpentine Belt","Major Service",74568,"No",2
4782,"Cabin Air Filter","Minor Service",18632,"No",2
4783,"Engine Oil & Filter","Minor Service",9776,"No",2
4784,"Wiper Blades","Minor Service",13183,"Yes",4
4785,"Engine Air Filter","Minor Service",22475,"Yes",3
4786,"Spark Plugs","Major Service",56993,"Yes",3
4787,"Shocks & Struts","Major Service",94079,"Yes",3
4788,"Wiper Blades","Minor Service",3213,"Yes",4
4789,"Cabin Air Filter","Minor Service",13463,"No",1
4790,"Engine Air Filter","Minor Service",20085,"No",2
4791,"Brake Pads & Discs","Minor Service",38973,"Yes",5
4792,"Thermostat","Diagnostic",83966,"Yes",4
4793,"Transmission Fluid","Major Service",84261,"Yes",5
4794,"Cabin Air Filter","Minor Service",23178,"No",1
4795,"Engine Oil & Filter","Minor Service",10780,"Yes",5
4796,"Engine Oil & Filter","Minor Service",12537,"No",2
4797,"Brake Pads & Discs","Minor Service",36182,"Yes",5
4798,"Engine Oil & Filter","Minor Service",8894,"No",2
4799,"Cabin Air Filter","Minor Service",23335,"No",1
4800,"Engine Oil & Filter","Minor Service",11863,"No",1
4801,"Spark Plugs","Major Service",52215,"Yes",4
4802,"Wiper Blades","Minor Service",15434,"No",1
4803,"Engine Air Filter","Minor Service",16301,"No",2
4804,"Brake Pads & Discs","Minor Service",39478,"No",2
4805,"Spark Plugs","Major Service",63047,"No",1
4806,"Engine Oil & Filter","Minor Service",8558,"No",1
4807,"Cabin Air Filter","Minor Service",22324,"No",1
4808,"Drive/Serpentine Belt","Major Service",56976,"No",1
4809,"Engine Oil & Filter","Minor Service",13367,"No",1
4810,"Brake Pads & Discs","Minor Service",45482,"No",2
4811,"Brake Pads & Discs","Minor Service",39173,"Yes",5
4812,"Brake Pads & Discs","Minor Service",35098,"Yes",4
4813,"Engine Oil & Filter","Minor Service",6429,"No",2
4814,"Engine Oil & Filter","Minor Service",12073,"No",2
4815,"Drive/Serpentine Belt","Major Service",64746,"Yes",5
4816,"Cabin Air Filter","Minor Service",20063,"No",2
4817,"Alternator","Diagnostic",160883,"Yes",4
4818,"Engine Oil & Filter","Minor Service",6672,"No",1
4819,"Wiper Blades","Minor Service",14373,"No",2
4820,"Coolant Flush","Major Service",80336,"No",1
4821,"Engine Air Filter","Minor Service",25294,"No",1
4822,"Engine Oil & Filter","Minor Service",13538,"Yes",5
4823,"Engine Air Filter","Minor Service",18246,"No",2
4824,"Wiper Blades","Minor Service",15845,"Yes",4
4825,"Mass Airflow Sensor","Diagnostic",105087,"No",1
4826,"Engine Air Filter","Minor Service",18449,"No",1
4827,"Brake Pads & Discs","Minor Service",42105,"No",2
4828,"Engine Air Filter","Minor Service",14594,"No",2
4829,"Cabin Air Filter","Minor Service",13208,"No",1
4830,"Engine Oil & Filter","Minor Service",7554,"No",2
4831,"Engine Air Filter","Minor Service",18329,"Yes",4
4832,"Brake Pads & Discs","Minor Service",28447,"No",2
4833,"Mass Airflow Sensor","Diagnostic",99770,"No",2
4834,"Engine Oil & Filter","Minor Service",8415,"No",2
4835,"Engine Air Filter","Minor Service",17177,"No",1
4836,"Shocks & Struts","Major Service",85593,"Yes",5
4837,"Wiper Blades","Minor Service",14320,"No",1
4838,"Shocks & Struts","Major Service",100287,"Yes",4
4839,"Cabin Air Filter","Minor Service",20247,"No",2
4840,"Spark Plugs","Major Service",58640,"Yes",3
4841,"Engine Oil & Filter","Minor Service",12033,"Yes",5
4842,"Engine Oil & Filter","Minor Service",10144,"Yes",3
4843,"Engine Air Filter","Minor Service",20743,"No",2
4844,"Cabin Air Filter","Minor Service",24050,"No",1
4845,"Spark Plugs","Major Service",59312,"Yes",5
4846,"Engine Air Filter","Minor Service",15534,"No",1
4847,"Engine Oil & Filter","Minor Service",8997,"No",1
4848,"Cabin Air Filter","Minor Service",23219,"No",1
4849,"Engine Oil & Filter","Minor Service",13615,"No",1
4850,"Engine Air Filter","Minor Service",23574,"Yes",5
4851,"Cabin Air Filter","Minor Service",19267,"No",1
4852,"Wiper Blades","Minor Service",15882,"No",1
4853,"Engine Air Filter","Minor Service",24542,"Yes",5
4854,"Drive/Serpentine Belt","Major Service",70527,"Yes",5
4855,"Engine Oil & Filter","Minor Service",9648,"No",2
4856,"Wiper Blades","Minor Service",12487,"Yes",3
4857,"Engine Oil & Filter","Minor Service",7779,"No",1
4858,"Wiper Blades","Minor Service",14674,"No",1
4859,"Engine Oil & Filter","Minor Service",5513,"No",2
4860,"Engine Air Filter","Minor Service",16667,"No",2
4861,"Brake Pads & Discs","Minor Service",33135,"No",1
4862,"Transmission Fluid","Major Service",77291,"No",2
4863,"Engine Air Filter","Minor Service",17071,"No",1
4864,"Brake Pads & Discs","Minor Service",37187,"No",1
4865,"Shocks & Struts","Major Service",88924,"Yes",3
4866,"Brake Pads & Discs","Minor Service",37149,"No",1
4867,"Cabin Air Filter","Minor Service",20854,"Yes",3
4868,"Brake Pads & Discs","Minor Service",31739,"No",1
4869,"Engine Oil & Filter","Minor Service",8945,"No",2
4870,"Wiper Blades","Minor Service",21558,"No",1
4871,"Engine Oil & Filter","Minor Service",10447,"Yes",3
4872,"Engine Oil & Filter","Minor Service",12067,"No",2
4873,"Coolant Flush","Major Service",111546,"No",1
4874,"Brake Pads & Discs","Minor Service",30664,"No",2
4875,"Wiper Blades","Minor Service",15487,"Yes",3
4876,"Engine Air Filter","Minor Service",23140,"No",1
4877,"Engine Oil & Filter","Minor Service",10301,"No",1
4878,"Brake Pads & Discs","Minor Service",37517,"No",2
4879,"Engine Air Filter","Minor Service",21651,"No",1
4880,"Engine Air Filter","Minor Service",28030,"No",2
4881,"Coolant Flush","Major Service",86672,"No",1
4882,"Engine Oil & Filter","Minor Service",10173,"No",2
4883,"Coolant Flush","Major Service",90063,"No",2
4884,"Transmission Fluid","Major Service",83962,"No",2
4885,"Wiper Blades","Minor Service",9013,"No",1
4886,"Engine Air Filter","Minor Service",19756,"No",1
4887,"Wiper Blades","Minor Service",11169,"No",1
4888,"Brake Pads & Discs","Minor Service",34486,"No",1
4889,"Wiper Blades","Minor Service",17007,"No",2
4890,"Wiper Blades","Minor Service",20396,"No",1
4891,"Engine Air Filter","Minor Service",18318,"No",1
4892,"Shocks & Struts","Major Service",85256,"Yes",4
4893,"Fuel Pump","Diagnostic",101551,"Yes",5
4894,"Engine Oil & Filter","Minor Service",12932,"No",1
4895,"Wiper Blades","Minor Service",13366,"No",2
4896,"Brake Pads & Discs","Minor Service",34712,"Yes",4
4897,"Brake Pads & Discs","Minor Service",34838,"No",1
4898,"Engine Oil & Filter","Minor Service",10925,"No",1
4899,"Engine Oil & Filter","Minor Service",9209,"No",2
4900,"Engine Oil & Filter","Minor Service",10922,"No",1
4901,"Cabin Air Filter","Minor Service",24124,"Yes",4
4902,"Wiper Blades","Minor Service",17336,"Yes",4
4903,"Engine Oil & Filter","Minor Service",8898,"No",1
4904,"Engine Oil & Filter","Minor Service",10821,"Yes",4
4905,"Cabin Air Filter","Minor Service",21235,"No",1
4906,"Engine Air Filter","Minor Service",18186,"No",2
4907,"Shocks & Struts","Major Service",91320,"Yes",4
4908,"Engine Air Filter","Minor Service",20677,"No",2
4909,"Wiper Blades","Minor Service",22077,"No",1
4910,"Engine Air Filter","Minor Service",22693,"No",2
4911,"Cabin Air Filter","Minor Service",17931,"No",1
4912,"Engine Air Filter","Minor Service",24039,"No",1
4913,"Brake Pads & Discs","Minor Service",20104,"Yes",3
4914,"Wiper Blades","Minor Service",17331,"Yes",5
4915,"Wiper Blades","Minor Service",14796,"No",2
4916,"Transmission Fluid","Major Service",77253,"No",2
4917,"Cabin Air Filter","Minor Service",19679,"No",2
4918,"Cabin Air Filter","Minor Service",19459,"No",1
4919,"Brake Pads & Discs","Minor Service",42081,"No",1
4920,"Drive/Serpentine Belt","Major Service",71243,"Yes",4
4921,"Wiper Blades","Minor Service",11943,"No",2
4922,"Engine Oil & Filter","Minor Service",9854,"No",1
4923,"Engine Oil & Filter","Minor Service",5805,"No",2
4924,"Engine Air Filter","Minor Service",18243,"No",1
4925,"Wiper Blades","Minor Service",11674,"Yes",5
4926,"Coolant Flush","Major Service",90851,"No",1
4927,"Fuel Pump","Diagnostic",112792,"Yes",3
4928,"Fuel Pump","Diagnostic",122958,"Yes",5
4929,"Brake Pads & Discs","Minor Service",32188,"No",2
4930,"Mass Airflow Sensor","Diagnostic",98796,"Yes",5
4931,"Engine Air Filter","Minor Service",20900,"No",1
4932,"Wiper Blades","Minor Service",11577,"Yes",4
4933,"Wiper Blades","Minor Service",12776,"No",2
4934,"Engine Air Filter","Minor Service",21727,"Yes",3
4935,"Oxygen (O2) Sensor","Diagnostic",96273,"Yes",3
4936,"Cabin Air Filter","Minor Service",15320,"No",2
4937,"Engine Oil & Filter","Minor Service",8365,"No",1
4938,"Engine Air Filter","Minor Service",21411,"No",2
4939,"Thermostat","Diagnostic",100820,"Yes",3
4940,"Wiper Blades","Minor Service",18379,"Yes",3
4941,"Engine Oil & Filter","Minor Service",7067,"No",2
4942,"Engine Oil & Filter","Minor Service",9019,"No",1
4943,"Engine Air Filter","Minor Service",20481,"Yes",3
4944,"Wiper Blades","Minor Service",16684,"Yes",4
4945,"Cabin Air Filter","Minor Service",20292,"Yes",4
4946,"Engine Oil & Filter","Minor Service",7965,"No",2
4947,"Wiper Blades","Minor Service",11910,"No",2
4948,"Brake Pads & Discs","Minor Service",29945,"No",2
4949,"Cabin Air Filter","Minor Service",20758,"No",2
4950,"Thermostat","Diagnostic",117798,"Yes",4
4951,"Shocks & Struts","Major Service",109151,"Yes",4
4952,"Engine Air Filter","Minor Service",18998,"No",1
4953,"Engine Air Filter","Minor Service",18385,"No",1
4954,"Engine Air Filter","Minor Service",19233,"No",1
4955,"Cabin Air Filter","Minor Service",22352,"Yes",5
4956,"Thermostat","Diagnostic",97200,"Yes",3
4957,"Cabin Air Filter","Minor Service",22141,"Yes",5
4958,"Cabin Air Filter","Minor Service",19749,"Yes",5
4959,"Engine Oil & Filter","Minor Service",9323,"No",2
4960,"Shocks & Struts","Major Service",114519,"Yes",4
4961,"Shocks & Struts","Major Service",102513,"Yes",4
4962,"Spark Plugs","Major Service",62859,"Yes",3
4963,"Alternator","Diagnostic",132992,"Yes",3
4964,"Drive/Serpentine Belt","Major Service",56709,"Yes",5
4965,"Drive/Serpentine Belt","Major Service",69452,"No",1
4966,"Engine Oil & Filter","Minor Service",12003,"No",1
4967,"Engine Air Filter","Minor Service",22165,"No",1
4968,"Drive/Serpentine Belt","Major Service",58488,"Yes",5
4969,"Engine Air Filter","Minor Service",17895,"No",1
4970,"Wiper Blades","Minor Service",20329,"No",2
4971,"Brake Pads & Discs","Minor Service",40218,"Yes",5
4972,"Wiper Blades","Minor Service",18114,"No",1
4973,"Engine Oil & Filter","Minor Service",10166,"Yes",3
4974,"Transmission Fluid","Major Service",89691,"Yes",3
4975,"Cabin Air Filter","Minor Service",16935,"No",1
4976,"Wiper Blades","Minor Service",11190,"No",2
4977,"Brake Pads & Discs","Minor Service",31431,"Yes",3
4978,"Brake Pads & Discs","Minor Service",44267,"Yes",5
4979,"Wiper Blades","Minor Service",14982,"Yes",5
4980,"Shocks & Struts","Major Service",101818,"Yes",4
4981,"Brake Pads & Discs","Minor Service",33175,"No",2
4982,"Oxygen (O2) Sensor","Diagnostic",130909,"Yes",5
4983,"Engine Oil & Filter","Minor Service",8333,"No",1
4984,"Wiper Blades","Minor Service",12683,"No",1
4985,"Drive/Serpentine Belt","Major Service",76069,"Yes",3
4986,"Engine Oil & Filter","Minor Service",15848,"No",1
4987,"Cabin Air Filter","Minor Service",15404,"No",2
4988,"Cabin Air Filter","Minor Service",22604,"Yes",3
4989,"Cabin Air Filter","Minor Service",19357,"No",1
4990,"Brake Pads & Discs","Minor Service",30250,"Yes",4
4991,"Shocks & Struts","Major Service",91490,"Yes",4
4992,"Drive/Serpentine Belt","Major Service",71614,"Yes",5
4993,"Engine Air Filter","Minor Service",18471,"No",1
4994,"Engine Air Filter","Minor Service",16669,"No",1
4995,"Wiper Blades","Minor Service",19759,"Yes",5
4996,"Engine Oil & Filter","Minor Service",11607,"Yes",3
4997,"Wiper Blades","Minor Service",12266,"No",2
4998,"Engine Oil & Filter","Minor Service",8697,"No",1
4999,"Wiper Blades","Minor Service",15274,"No",1
5000,"Coolant Flush","Major Service",85782,"No",1